<?xml version="1.0" encoding="utf-8"?>
<Messages>
	<Message severity="INFO" prefix="[HLS 200-111]" key="HLS_111_966" tag="RUNTIME" content="Finished File checks and directory preparation: CPU user time: 0 seconds. CPU system time: 0 seconds. Elapsed time: 0.023 seconds; current allocated memory: 774.008 MB." resolution=""/>
	<Message severity="INFO" prefix="[HLS 200-10]" key="HLS_10_1312" tag="" content="Analyzing design file &apos;7_segment/7_seg.cpp&apos; ..." resolution=""/>
	<Message severity="INFO" prefix="[HLS 200-111]" key="HLS_111_966" tag="RUNTIME" content="Finished Source Code Analysis and Preprocessing: CPU user time: 3 seconds. CPU system time: 0 seconds. Elapsed time: 11.35 seconds; current allocated memory: 1.100 GB." resolution=""/>
	<Message severity="INFO" prefix="[HLS 200-777]" key="HLS 200-777" tag="" content="Using interface defaults for &apos;Vivado&apos; flow target." resolution=""/>
	<Message severity="INFO" prefix="[HLS 214-131]" key="HLS 214-131" tag="" content="Inlining function &apos;ssdm_int&lt;8, false&gt;::ssdm_int(unsigned char)&apos; into &apos;ap_int_base&lt;8, false&gt;::ap_int_base(int)&apos; (C:/Xilinx-CN/Vitis_HLS/2022.1/common/technology/autopilot\ap_int_base.h:260:67)" resolution=""/>
	<Message severity="INFO" prefix="[HLS 214-131]" key="HLS 214-131" tag="" content="Inlining function &apos;ap_int_base&lt;8, false&gt;::ap_int_base(int)&apos; into &apos;ap_uint&lt;8&gt;::ap_uint(int)&apos; (C:/Xilinx-CN/Vitis_HLS/2022.1/common/technology/autopilot\ap_int.h:333:58)" resolution=""/>
	<Message severity="INFO" prefix="[HLS 214-131]" key="HLS 214-131" tag="" content="Inlining function &apos;ap_uint&lt;8&gt;::ap_uint(int)&apos; into &apos;__cxx_global_var_init&apos; (7_segment/7_seg.h:4:3)" resolution=""/>
	<Message severity="INFO" prefix="[HLS 214-131]" key="HLS 214-131" tag="" content="Inlining function &apos;ap_uint&lt;8&gt;::ap_uint(int)&apos; into &apos;__cxx_global_var_init&apos; (7_segment/7_seg.h:13:3)" resolution=""/>
	<Message severity="INFO" prefix="[HLS 214-131]" key="HLS 214-131" tag="" content="Inlining function &apos;ap_uint&lt;8&gt;::ap_uint(int)&apos; into &apos;__cxx_global_var_init&apos; (7_segment/7_seg.h:12:3)" resolution=""/>
	<Message severity="INFO" prefix="[HLS 214-131]" key="HLS 214-131" tag="" content="Inlining function &apos;ap_uint&lt;8&gt;::ap_uint(int)&apos; into &apos;__cxx_global_var_init&apos; (7_segment/7_seg.h:11:3)" resolution=""/>
	<Message severity="INFO" prefix="[HLS 214-131]" key="HLS 214-131" tag="" content="Inlining function &apos;ap_uint&lt;8&gt;::ap_uint(int)&apos; into &apos;__cxx_global_var_init&apos; (7_segment/7_seg.h:10:3)" resolution=""/>
	<Message severity="INFO" prefix="[HLS 214-131]" key="HLS 214-131" tag="" content="Inlining function &apos;ap_uint&lt;8&gt;::ap_uint(int)&apos; into &apos;__cxx_global_var_init&apos; (7_segment/7_seg.h:9:3)" resolution=""/>
	<Message severity="INFO" prefix="[HLS 214-131]" key="HLS 214-131" tag="" content="Inlining function &apos;ap_uint&lt;8&gt;::ap_uint(int)&apos; into &apos;__cxx_global_var_init&apos; (7_segment/7_seg.h:8:3)" resolution=""/>
	<Message severity="INFO" prefix="[HLS 214-131]" key="HLS 214-131" tag="" content="Inlining function &apos;ap_uint&lt;8&gt;::ap_uint(int)&apos; into &apos;__cxx_global_var_init&apos; (7_segment/7_seg.h:7:3)" resolution=""/>
	<Message severity="INFO" prefix="[HLS 214-131]" key="HLS 214-131" tag="" content="Inlining function &apos;ap_uint&lt;8&gt;::ap_uint(int)&apos; into &apos;__cxx_global_var_init&apos; (7_segment/7_seg.h:6:3)" resolution=""/>
	<Message severity="INFO" prefix="[HLS 214-131]" key="HLS 214-131" tag="" content="Inlining function &apos;ap_uint&lt;8&gt;::ap_uint(int)&apos; into &apos;__cxx_global_var_init&apos; (7_segment/7_seg.h:5:3)" resolution=""/>
	<Message severity="INFO" prefix="[HLS 214-131]" key="HLS 214-131" tag="" content="Inlining function &apos;ap_bit_ref&lt;8, false&gt;::ap_bit_ref(ap_int_base&lt;8, false&gt;*, int)&apos; into &apos;ap_int_base&lt;8, false&gt;::operator[](int)&apos; (C:/Xilinx-CN/Vitis_HLS/2022.1/common/technology/autopilot\ap_int_base.h:1175:30)" resolution=""/>
	<Message severity="INFO" prefix="[HLS 214-131]" key="HLS 214-131" tag="" content="Inlining function &apos;ap_bit_ref&lt;8, false&gt;::operator bool() const&apos; into &apos;ap_bit_ref&lt;8, false&gt;::operator=(ap_bit_ref&lt;8, false&gt; const&amp;)&apos; (C:/Xilinx-CN/Vitis_HLS/2022.1/common/technology/autopilot\ap_int_ref.h:886:38)" resolution=""/>
	<Message severity="INFO" prefix="[HLS 214-131]" key="HLS 214-131" tag="" content="Inlining function &apos;ap_bit_ref&lt;8, false&gt;::operator=(unsigned long long)&apos; into &apos;ap_bit_ref&lt;8, false&gt;::operator=(ap_bit_ref&lt;8, false&gt; const&amp;)&apos; (C:/Xilinx-CN/Vitis_HLS/2022.1/common/technology/autopilot\ap_int_ref.h:886:12)" resolution=""/>
	<Message severity="INFO" prefix="[HLS 214-131]" key="HLS 214-131" tag="" content="Inlining function &apos;ap_bit_ref&lt;8, false&gt;::operator bool() const&apos; into &apos;bool operator==&lt;8, false&gt;(ap_bit_ref&lt;8, false&gt; const&amp;, int)&apos; (C:/Xilinx-CN/Vitis_HLS/2022.1/common/technology/autopilot\ap_int_ref.h:1088:365)" resolution=""/>
	<Message severity="INFO" prefix="[HLS 214-131]" key="HLS 214-131" tag="" content="Inlining function &apos;_ZN8ssdm_intILi4ELb0EEC2EDq4_j&apos; into &apos;ap_int_base&lt;4, false&gt;::ap_int_base(int)&apos; (C:/Xilinx-CN/Vitis_HLS/2022.1/common/technology/autopilot\ap_int_base.h:260:67)" resolution=""/>
	<Message severity="INFO" prefix="[HLS 214-131]" key="HLS 214-131" tag="" content="Inlining function &apos;ap_int_base&lt;4, false&gt;::ap_int_base(int)&apos; into &apos;ap_uint&lt;4&gt;::ap_uint(int)&apos; (C:/Xilinx-CN/Vitis_HLS/2022.1/common/technology/autopilot\ap_int.h:333:58)" resolution=""/>
	<Message severity="INFO" prefix="[HLS 214-131]" key="HLS 214-131" tag="" content="Inlining function &apos;ap_int_base&lt;8, false&gt;::operator[](int)&apos; into &apos;seven_seg(bool, ap_uint&lt;8&gt;, ap_uint&lt;8&gt;&amp;, ap_uint&lt;4&gt;&amp;)&apos; (7_segment/7_seg.cpp:20:9)" resolution=""/>
	<Message severity="INFO" prefix="[HLS 214-131]" key="HLS 214-131" tag="" content="Inlining function &apos;ap_uint&lt;4&gt;::ap_uint(int)&apos; into &apos;seven_seg(bool, ap_uint&lt;8&gt;, ap_uint&lt;8&gt;&amp;, ap_uint&lt;4&gt;&amp;)&apos; (7_segment/7_seg.cpp:243:42)" resolution=""/>
	<Message severity="INFO" prefix="[HLS 214-131]" key="HLS 214-131" tag="" content="Inlining function &apos;ap_uint&lt;8&gt;::ap_uint(int)&apos; into &apos;seven_seg(bool, ap_uint&lt;8&gt;, ap_uint&lt;8&gt;&amp;, ap_uint&lt;4&gt;&amp;)&apos; (7_segment/7_seg.cpp:242:40)" resolution=""/>
	<Message severity="INFO" prefix="[HLS 214-131]" key="HLS 214-131" tag="" content="Inlining function &apos;ap_uint&lt;4&gt;::ap_uint(int)&apos; into &apos;seven_seg(bool, ap_uint&lt;8&gt;, ap_uint&lt;8&gt;&amp;, ap_uint&lt;4&gt;&amp;)&apos; (7_segment/7_seg.cpp:236:39)" resolution=""/>
	<Message severity="INFO" prefix="[HLS 214-131]" key="HLS 214-131" tag="" content="Inlining function &apos;ap_uint&lt;8&gt;::ap_uint(int)&apos; into &apos;seven_seg(bool, ap_uint&lt;8&gt;, ap_uint&lt;8&gt;&amp;, ap_uint&lt;4&gt;&amp;)&apos; (7_segment/7_seg.cpp:235:37)" resolution=""/>
	<Message severity="INFO" prefix="[HLS 214-131]" key="HLS 214-131" tag="" content="Inlining function &apos;ap_uint&lt;4&gt;::ap_uint(int)&apos; into &apos;seven_seg(bool, ap_uint&lt;8&gt;, ap_uint&lt;8&gt;&amp;, ap_uint&lt;4&gt;&amp;)&apos; (7_segment/7_seg.cpp:227:42)" resolution=""/>
	<Message severity="INFO" prefix="[HLS 214-131]" key="HLS 214-131" tag="" content="Inlining function &apos;ap_uint&lt;8&gt;::ap_uint(int)&apos; into &apos;seven_seg(bool, ap_uint&lt;8&gt;, ap_uint&lt;8&gt;&amp;, ap_uint&lt;4&gt;&amp;)&apos; (7_segment/7_seg.cpp:226:40)" resolution=""/>
	<Message severity="INFO" prefix="[HLS 214-131]" key="HLS 214-131" tag="" content="Inlining function &apos;ap_uint&lt;4&gt;::ap_uint(int)&apos; into &apos;seven_seg(bool, ap_uint&lt;8&gt;, ap_uint&lt;8&gt;&amp;, ap_uint&lt;4&gt;&amp;)&apos; (7_segment/7_seg.cpp:220:39)" resolution=""/>
	<Message severity="INFO" prefix="[HLS 214-131]" key="HLS 214-131" tag="" content="Inlining function &apos;ap_uint&lt;8&gt;::ap_uint(int)&apos; into &apos;seven_seg(bool, ap_uint&lt;8&gt;, ap_uint&lt;8&gt;&amp;, ap_uint&lt;4&gt;&amp;)&apos; (7_segment/7_seg.cpp:219:37)" resolution=""/>
	<Message severity="INFO" prefix="[HLS 214-131]" key="HLS 214-131" tag="" content="Inlining function &apos;ap_uint&lt;4&gt;::ap_uint(int)&apos; into &apos;seven_seg(bool, ap_uint&lt;8&gt;, ap_uint&lt;8&gt;&amp;, ap_uint&lt;4&gt;&amp;)&apos; (7_segment/7_seg.cpp:211:42)" resolution=""/>
	<Message severity="INFO" prefix="[HLS 214-131]" key="HLS 214-131" tag="" content="Inlining function &apos;ap_uint&lt;8&gt;::ap_uint(int)&apos; into &apos;seven_seg(bool, ap_uint&lt;8&gt;, ap_uint&lt;8&gt;&amp;, ap_uint&lt;4&gt;&amp;)&apos; (7_segment/7_seg.cpp:210:40)" resolution=""/>
	<Message severity="INFO" prefix="[HLS 214-131]" key="HLS 214-131" tag="" content="Inlining function &apos;ap_uint&lt;4&gt;::ap_uint(int)&apos; into &apos;seven_seg(bool, ap_uint&lt;8&gt;, ap_uint&lt;8&gt;&amp;, ap_uint&lt;4&gt;&amp;)&apos; (7_segment/7_seg.cpp:204:39)" resolution=""/>
	<Message severity="INFO" prefix="[HLS 214-131]" key="HLS 214-131" tag="" content="Inlining function &apos;ap_uint&lt;8&gt;::ap_uint(int)&apos; into &apos;seven_seg(bool, ap_uint&lt;8&gt;, ap_uint&lt;8&gt;&amp;, ap_uint&lt;4&gt;&amp;)&apos; (7_segment/7_seg.cpp:203:37)" resolution=""/>
	<Message severity="INFO" prefix="[HLS 214-131]" key="HLS 214-131" tag="" content="Inlining function &apos;ap_uint&lt;4&gt;::ap_uint(int)&apos; into &apos;seven_seg(bool, ap_uint&lt;8&gt;, ap_uint&lt;8&gt;&amp;, ap_uint&lt;4&gt;&amp;)&apos; (7_segment/7_seg.cpp:195:42)" resolution=""/>
	<Message severity="INFO" prefix="[HLS 214-131]" key="HLS 214-131" tag="" content="Inlining function &apos;ap_uint&lt;8&gt;::ap_uint(int)&apos; into &apos;seven_seg(bool, ap_uint&lt;8&gt;, ap_uint&lt;8&gt;&amp;, ap_uint&lt;4&gt;&amp;)&apos; (7_segment/7_seg.cpp:194:40)" resolution=""/>
	<Message severity="INFO" prefix="[HLS 214-131]" key="HLS 214-131" tag="" content="Inlining function &apos;ap_uint&lt;4&gt;::ap_uint(int)&apos; into &apos;seven_seg(bool, ap_uint&lt;8&gt;, ap_uint&lt;8&gt;&amp;, ap_uint&lt;4&gt;&amp;)&apos; (7_segment/7_seg.cpp:188:39)" resolution=""/>
	<Message severity="INFO" prefix="[HLS 214-131]" key="HLS 214-131" tag="" content="Inlining function &apos;ap_uint&lt;8&gt;::ap_uint(int)&apos; into &apos;seven_seg(bool, ap_uint&lt;8&gt;, ap_uint&lt;8&gt;&amp;, ap_uint&lt;4&gt;&amp;)&apos; (7_segment/7_seg.cpp:187:37)" resolution=""/>
	<Message severity="INFO" prefix="[HLS 214-131]" key="HLS 214-131" tag="" content="Inlining function &apos;ap_uint&lt;4&gt;::ap_uint(int)&apos; into &apos;seven_seg(bool, ap_uint&lt;8&gt;, ap_uint&lt;8&gt;&amp;, ap_uint&lt;4&gt;&amp;)&apos; (7_segment/7_seg.cpp:179:42)" resolution=""/>
	<Message severity="INFO" prefix="[HLS 214-131]" key="HLS 214-131" tag="" content="Inlining function &apos;ap_uint&lt;8&gt;::ap_uint(int)&apos; into &apos;seven_seg(bool, ap_uint&lt;8&gt;, ap_uint&lt;8&gt;&amp;, ap_uint&lt;4&gt;&amp;)&apos; (7_segment/7_seg.cpp:178:40)" resolution=""/>
	<Message severity="INFO" prefix="[HLS 214-131]" key="HLS 214-131" tag="" content="Inlining function &apos;ap_uint&lt;4&gt;::ap_uint(int)&apos; into &apos;seven_seg(bool, ap_uint&lt;8&gt;, ap_uint&lt;8&gt;&amp;, ap_uint&lt;4&gt;&amp;)&apos; (7_segment/7_seg.cpp:172:39)" resolution=""/>
	<Message severity="INFO" prefix="[HLS 214-131]" key="HLS 214-131" tag="" content="Inlining function &apos;ap_uint&lt;8&gt;::ap_uint(int)&apos; into &apos;seven_seg(bool, ap_uint&lt;8&gt;, ap_uint&lt;8&gt;&amp;, ap_uint&lt;4&gt;&amp;)&apos; (7_segment/7_seg.cpp:171:37)" resolution=""/>
	<Message severity="INFO" prefix="[HLS 214-131]" key="HLS 214-131" tag="" content="Inlining function &apos;ap_uint&lt;4&gt;::ap_uint(int)&apos; into &apos;seven_seg(bool, ap_uint&lt;8&gt;, ap_uint&lt;8&gt;&amp;, ap_uint&lt;4&gt;&amp;)&apos; (7_segment/7_seg.cpp:163:42)" resolution=""/>
	<Message severity="INFO" prefix="[HLS 214-131]" key="HLS 214-131" tag="" content="Inlining function &apos;ap_uint&lt;8&gt;::ap_uint(int)&apos; into &apos;seven_seg(bool, ap_uint&lt;8&gt;, ap_uint&lt;8&gt;&amp;, ap_uint&lt;4&gt;&amp;)&apos; (7_segment/7_seg.cpp:162:40)" resolution=""/>
	<Message severity="INFO" prefix="[HLS 214-131]" key="HLS 214-131" tag="" content="Inlining function &apos;ap_uint&lt;4&gt;::ap_uint(int)&apos; into &apos;seven_seg(bool, ap_uint&lt;8&gt;, ap_uint&lt;8&gt;&amp;, ap_uint&lt;4&gt;&amp;)&apos; (7_segment/7_seg.cpp:156:39)" resolution=""/>
	<Message severity="INFO" prefix="[HLS 214-131]" key="HLS 214-131" tag="" content="Inlining function &apos;ap_uint&lt;8&gt;::ap_uint(int)&apos; into &apos;seven_seg(bool, ap_uint&lt;8&gt;, ap_uint&lt;8&gt;&amp;, ap_uint&lt;4&gt;&amp;)&apos; (7_segment/7_seg.cpp:155:37)" resolution=""/>
	<Message severity="INFO" prefix="[HLS 214-131]" key="HLS 214-131" tag="" content="Inlining function &apos;ap_uint&lt;4&gt;::ap_uint(int)&apos; into &apos;seven_seg(bool, ap_uint&lt;8&gt;, ap_uint&lt;8&gt;&amp;, ap_uint&lt;4&gt;&amp;)&apos; (7_segment/7_seg.cpp:147:42)" resolution=""/>
	<Message severity="INFO" prefix="[HLS 214-131]" key="HLS 214-131" tag="" content="Inlining function &apos;ap_uint&lt;4&gt;::ap_uint(int)&apos; into &apos;seven_seg(bool, ap_uint&lt;8&gt;, ap_uint&lt;8&gt;&amp;, ap_uint&lt;4&gt;&amp;)&apos; (7_segment/7_seg.cpp:140:39)" resolution=""/>
	<Message severity="INFO" prefix="[HLS 214-131]" key="HLS 214-131" tag="" content="Inlining function &apos;ap_uint&lt;4&gt;::ap_uint(int)&apos; into &apos;seven_seg(bool, ap_uint&lt;8&gt;, ap_uint&lt;8&gt;&amp;, ap_uint&lt;4&gt;&amp;)&apos; (7_segment/7_seg.cpp:131:37)" resolution=""/>
	<Message severity="INFO" prefix="[HLS 214-131]" key="HLS 214-131" tag="" content="Inlining function &apos;ap_uint&lt;4&gt;::ap_uint(int)&apos; into &apos;seven_seg(bool, ap_uint&lt;8&gt;, ap_uint&lt;8&gt;&amp;, ap_uint&lt;4&gt;&amp;)&apos; (7_segment/7_seg.cpp:124:34)" resolution=""/>
	<Message severity="INFO" prefix="[HLS 214-131]" key="HLS 214-131" tag="" content="Inlining function &apos;bool operator==&lt;8, false&gt;(ap_bit_ref&lt;8, false&gt; const&amp;, int)&apos; into &apos;seven_seg(bool, ap_uint&lt;8&gt;, ap_uint&lt;8&gt;&amp;, ap_uint&lt;4&gt;&amp;)&apos; (7_segment/7_seg.cpp:104:23)" resolution=""/>
	<Message severity="INFO" prefix="[HLS 214-131]" key="HLS 214-131" tag="" content="Inlining function &apos;ap_int_base&lt;8, false&gt;::operator[](int)&apos; into &apos;seven_seg(bool, ap_uint&lt;8&gt;, ap_uint&lt;8&gt;&amp;, ap_uint&lt;4&gt;&amp;)&apos; (7_segment/7_seg.cpp:104:13)" resolution=""/>
	<Message severity="INFO" prefix="[HLS 214-131]" key="HLS 214-131" tag="" content="Inlining function &apos;bool operator==&lt;8, false&gt;(ap_bit_ref&lt;8, false&gt; const&amp;, int)&apos; into &apos;seven_seg(bool, ap_uint&lt;8&gt;, ap_uint&lt;8&gt;&amp;, ap_uint&lt;4&gt;&amp;)&apos; (7_segment/7_seg.cpp:95:26)" resolution=""/>
	<Message severity="INFO" prefix="[HLS 214-131]" key="HLS 214-131" tag="" content="Inlining function &apos;ap_int_base&lt;8, false&gt;::operator[](int)&apos; into &apos;seven_seg(bool, ap_uint&lt;8&gt;, ap_uint&lt;8&gt;&amp;, ap_uint&lt;4&gt;&amp;)&apos; (7_segment/7_seg.cpp:95:16)" resolution=""/>
	<Message severity="INFO" prefix="[HLS 214-131]" key="HLS 214-131" tag="" content="Inlining function &apos;ap_bit_ref&lt;8, false&gt;::operator=(int)&apos; into &apos;seven_seg(bool, ap_uint&lt;8&gt;, ap_uint&lt;8&gt;&amp;, ap_uint&lt;4&gt;&amp;)&apos; (7_segment/7_seg.cpp:86:28)" resolution=""/>
	<Message severity="INFO" prefix="[HLS 214-131]" key="HLS 214-131" tag="" content="Inlining function &apos;ap_int_base&lt;8, false&gt;::operator[](int)&apos; into &apos;seven_seg(bool, ap_uint&lt;8&gt;, ap_uint&lt;8&gt;&amp;, ap_uint&lt;4&gt;&amp;)&apos; (7_segment/7_seg.cpp:86:18)" resolution=""/>
	<Message severity="INFO" prefix="[HLS 214-131]" key="HLS 214-131" tag="" content="Inlining function &apos;ap_bit_ref&lt;8, false&gt;::operator=(int)&apos; into &apos;seven_seg(bool, ap_uint&lt;8&gt;, ap_uint&lt;8&gt;&amp;, ap_uint&lt;4&gt;&amp;)&apos; (7_segment/7_seg.cpp:83:32)" resolution=""/>
	<Message severity="INFO" prefix="[HLS 214-131]" key="HLS 214-131" tag="" content="Inlining function &apos;ap_int_base&lt;8, false&gt;::operator[](int)&apos; into &apos;seven_seg(bool, ap_uint&lt;8&gt;, ap_uint&lt;8&gt;&amp;, ap_uint&lt;4&gt;&amp;)&apos; (7_segment/7_seg.cpp:83:22)" resolution=""/>
	<Message severity="INFO" prefix="[HLS 214-131]" key="HLS 214-131" tag="" content="Inlining function &apos;ap_bit_ref&lt;8, false&gt;::operator=(int)&apos; into &apos;seven_seg(bool, ap_uint&lt;8&gt;, ap_uint&lt;8&gt;&amp;, ap_uint&lt;4&gt;&amp;)&apos; (7_segment/7_seg.cpp:81:32)" resolution=""/>
	<Message severity="INFO" prefix="[HLS 214-131]" key="HLS 214-131" tag="" content="Inlining function &apos;ap_int_base&lt;8, false&gt;::operator[](int)&apos; into &apos;seven_seg(bool, ap_uint&lt;8&gt;, ap_uint&lt;8&gt;&amp;, ap_uint&lt;4&gt;&amp;)&apos; (7_segment/7_seg.cpp:81:22)" resolution=""/>
	<Message severity="INFO" prefix="[HLS 214-131]" key="HLS 214-131" tag="" content="Inlining function &apos;ap_bit_ref&lt;8, false&gt;::operator=(int)&apos; into &apos;seven_seg(bool, ap_uint&lt;8&gt;, ap_uint&lt;8&gt;&amp;, ap_uint&lt;4&gt;&amp;)&apos; (7_segment/7_seg.cpp:80:32)" resolution=""/>
	<Message severity="INFO" prefix="[HLS 214-131]" key="HLS 214-131" tag="" content="Inlining function &apos;ap_int_base&lt;8, false&gt;::operator[](int)&apos; into &apos;seven_seg(bool, ap_uint&lt;8&gt;, ap_uint&lt;8&gt;&amp;, ap_uint&lt;4&gt;&amp;)&apos; (7_segment/7_seg.cpp:80:22)" resolution=""/>
	<Message severity="INFO" prefix="[HLS 214-131]" key="HLS 214-131" tag="" content="Inlining function &apos;bool operator==&lt;8, false&gt;(ap_bit_ref&lt;8, false&gt; const&amp;, int)&apos; into &apos;seven_seg(bool, ap_uint&lt;8&gt;, ap_uint&lt;8&gt;&amp;, ap_uint&lt;4&gt;&amp;)&apos; (7_segment/7_seg.cpp:79:32)" resolution=""/>
	<Message severity="INFO" prefix="[HLS 214-131]" key="HLS 214-131" tag="" content="Inlining function &apos;ap_int_base&lt;8, false&gt;::operator[](int)&apos; into &apos;seven_seg(bool, ap_uint&lt;8&gt;, ap_uint&lt;8&gt;&amp;, ap_uint&lt;4&gt;&amp;)&apos; (7_segment/7_seg.cpp:79:22)" resolution=""/>
	<Message severity="INFO" prefix="[HLS 214-131]" key="HLS 214-131" tag="" content="Inlining function &apos;ap_bit_ref&lt;8, false&gt;::operator=(int)&apos; into &apos;seven_seg(bool, ap_uint&lt;8&gt;, ap_uint&lt;8&gt;&amp;, ap_uint&lt;4&gt;&amp;)&apos; (7_segment/7_seg.cpp:78:28)" resolution=""/>
	<Message severity="INFO" prefix="[HLS 214-131]" key="HLS 214-131" tag="" content="Inlining function &apos;ap_int_base&lt;8, false&gt;::operator[](int)&apos; into &apos;seven_seg(bool, ap_uint&lt;8&gt;, ap_uint&lt;8&gt;&amp;, ap_uint&lt;4&gt;&amp;)&apos; (7_segment/7_seg.cpp:78:18)" resolution=""/>
	<Message severity="INFO" prefix="[HLS 214-131]" key="HLS 214-131" tag="" content="Inlining function &apos;bool operator==&lt;8, false&gt;(ap_bit_ref&lt;8, false&gt; const&amp;, int)&apos; into &apos;seven_seg(bool, ap_uint&lt;8&gt;, ap_uint&lt;8&gt;&amp;, ap_uint&lt;4&gt;&amp;)&apos; (7_segment/7_seg.cpp:77:28)" resolution=""/>
	<Message severity="INFO" prefix="[HLS 214-131]" key="HLS 214-131" tag="" content="Inlining function &apos;ap_int_base&lt;8, false&gt;::operator[](int)&apos; into &apos;seven_seg(bool, ap_uint&lt;8&gt;, ap_uint&lt;8&gt;&amp;, ap_uint&lt;4&gt;&amp;)&apos; (7_segment/7_seg.cpp:77:18)" resolution=""/>
	<Message severity="INFO" prefix="[HLS 214-131]" key="HLS 214-131" tag="" content="Inlining function &apos;ap_bit_ref&lt;8, false&gt;::operator=(int)&apos; into &apos;seven_seg(bool, ap_uint&lt;8&gt;, ap_uint&lt;8&gt;&amp;, ap_uint&lt;4&gt;&amp;)&apos; (7_segment/7_seg.cpp:74:28)" resolution=""/>
	<Message severity="INFO" prefix="[HLS 214-131]" key="HLS 214-131" tag="" content="Inlining function &apos;ap_int_base&lt;8, false&gt;::operator[](int)&apos; into &apos;seven_seg(bool, ap_uint&lt;8&gt;, ap_uint&lt;8&gt;&amp;, ap_uint&lt;4&gt;&amp;)&apos; (7_segment/7_seg.cpp:74:18)" resolution=""/>
	<Message severity="INFO" prefix="[HLS 214-131]" key="HLS 214-131" tag="" content="Inlining function &apos;ap_bit_ref&lt;8, false&gt;::operator=(int)&apos; into &apos;seven_seg(bool, ap_uint&lt;8&gt;, ap_uint&lt;8&gt;&amp;, ap_uint&lt;4&gt;&amp;)&apos; (7_segment/7_seg.cpp:71:32)" resolution=""/>
	<Message severity="INFO" prefix="[HLS 214-131]" key="HLS 214-131" tag="" content="Inlining function &apos;ap_int_base&lt;8, false&gt;::operator[](int)&apos; into &apos;seven_seg(bool, ap_uint&lt;8&gt;, ap_uint&lt;8&gt;&amp;, ap_uint&lt;4&gt;&amp;)&apos; (7_segment/7_seg.cpp:71:22)" resolution=""/>
	<Message severity="INFO" prefix="[HLS 214-131]" key="HLS 214-131" tag="" content="Inlining function &apos;ap_bit_ref&lt;8, false&gt;::operator=(int)&apos; into &apos;seven_seg(bool, ap_uint&lt;8&gt;, ap_uint&lt;8&gt;&amp;, ap_uint&lt;4&gt;&amp;)&apos; (7_segment/7_seg.cpp:68:36)" resolution=""/>
	<Message severity="INFO" prefix="[HLS 214-131]" key="HLS 214-131" tag="" content="Inlining function &apos;ap_int_base&lt;8, false&gt;::operator[](int)&apos; into &apos;seven_seg(bool, ap_uint&lt;8&gt;, ap_uint&lt;8&gt;&amp;, ap_uint&lt;4&gt;&amp;)&apos; (7_segment/7_seg.cpp:68:26)" resolution=""/>
	<Message severity="INFO" prefix="[HLS 214-131]" key="HLS 214-131" tag="" content="Inlining function &apos;ap_bit_ref&lt;8, false&gt;::operator=(int)&apos; into &apos;seven_seg(bool, ap_uint&lt;8&gt;, ap_uint&lt;8&gt;&amp;, ap_uint&lt;4&gt;&amp;)&apos; (7_segment/7_seg.cpp:66:36)" resolution=""/>
	<Message severity="INFO" prefix="[HLS 214-131]" key="HLS 214-131" tag="" content="Inlining function &apos;ap_int_base&lt;8, false&gt;::operator[](int)&apos; into &apos;seven_seg(bool, ap_uint&lt;8&gt;, ap_uint&lt;8&gt;&amp;, ap_uint&lt;4&gt;&amp;)&apos; (7_segment/7_seg.cpp:66:26)" resolution=""/>
	<Message severity="INFO" prefix="[HLS 214-131]" key="HLS 214-131" tag="" content="Inlining function &apos;ap_bit_ref&lt;8, false&gt;::operator=(int)&apos; into &apos;seven_seg(bool, ap_uint&lt;8&gt;, ap_uint&lt;8&gt;&amp;, ap_uint&lt;4&gt;&amp;)&apos; (7_segment/7_seg.cpp:65:36)" resolution=""/>
	<Message severity="INFO" prefix="[HLS 214-131]" key="HLS 214-131" tag="" content="Inlining function &apos;ap_int_base&lt;8, false&gt;::operator[](int)&apos; into &apos;seven_seg(bool, ap_uint&lt;8&gt;, ap_uint&lt;8&gt;&amp;, ap_uint&lt;4&gt;&amp;)&apos; (7_segment/7_seg.cpp:65:26)" resolution=""/>
	<Message severity="INFO" prefix="[HLS 214-131]" key="HLS 214-131" tag="" content="Inlining function &apos;bool operator==&lt;8, false&gt;(ap_bit_ref&lt;8, false&gt; const&amp;, int)&apos; into &apos;seven_seg(bool, ap_uint&lt;8&gt;, ap_uint&lt;8&gt;&amp;, ap_uint&lt;4&gt;&amp;)&apos; (7_segment/7_seg.cpp:64:36)" resolution=""/>
	<Message severity="INFO" prefix="[HLS 214-131]" key="HLS 214-131" tag="" content="Inlining function &apos;ap_int_base&lt;8, false&gt;::operator[](int)&apos; into &apos;seven_seg(bool, ap_uint&lt;8&gt;, ap_uint&lt;8&gt;&amp;, ap_uint&lt;4&gt;&amp;)&apos; (7_segment/7_seg.cpp:64:26)" resolution=""/>
	<Message severity="INFO" prefix="[HLS 214-131]" key="HLS 214-131" tag="" content="Inlining function &apos;ap_bit_ref&lt;8, false&gt;::operator=(int)&apos; into &apos;seven_seg(bool, ap_uint&lt;8&gt;, ap_uint&lt;8&gt;&amp;, ap_uint&lt;4&gt;&amp;)&apos; (7_segment/7_seg.cpp:63:32)" resolution=""/>
	<Message severity="INFO" prefix="[HLS 214-131]" key="HLS 214-131" tag="" content="Inlining function &apos;ap_int_base&lt;8, false&gt;::operator[](int)&apos; into &apos;seven_seg(bool, ap_uint&lt;8&gt;, ap_uint&lt;8&gt;&amp;, ap_uint&lt;4&gt;&amp;)&apos; (7_segment/7_seg.cpp:63:22)" resolution=""/>
	<Message severity="INFO" prefix="[HLS 214-131]" key="HLS 214-131" tag="" content="Inlining function &apos;bool operator==&lt;8, false&gt;(ap_bit_ref&lt;8, false&gt; const&amp;, int)&apos; into &apos;seven_seg(bool, ap_uint&lt;8&gt;, ap_uint&lt;8&gt;&amp;, ap_uint&lt;4&gt;&amp;)&apos; (7_segment/7_seg.cpp:62:32)" resolution=""/>
	<Message severity="INFO" prefix="[HLS 214-131]" key="HLS 214-131" tag="" content="Inlining function &apos;ap_int_base&lt;8, false&gt;::operator[](int)&apos; into &apos;seven_seg(bool, ap_uint&lt;8&gt;, ap_uint&lt;8&gt;&amp;, ap_uint&lt;4&gt;&amp;)&apos; (7_segment/7_seg.cpp:62:22)" resolution=""/>
	<Message severity="INFO" prefix="[HLS 214-131]" key="HLS 214-131" tag="" content="Inlining function &apos;ap_bit_ref&lt;8, false&gt;::operator=(int)&apos; into &apos;seven_seg(bool, ap_uint&lt;8&gt;, ap_uint&lt;8&gt;&amp;, ap_uint&lt;4&gt;&amp;)&apos; (7_segment/7_seg.cpp:61:28)" resolution=""/>
	<Message severity="INFO" prefix="[HLS 214-131]" key="HLS 214-131" tag="" content="Inlining function &apos;ap_int_base&lt;8, false&gt;::operator[](int)&apos; into &apos;seven_seg(bool, ap_uint&lt;8&gt;, ap_uint&lt;8&gt;&amp;, ap_uint&lt;4&gt;&amp;)&apos; (7_segment/7_seg.cpp:61:18)" resolution=""/>
	<Message severity="INFO" prefix="[HLS 214-131]" key="HLS 214-131" tag="" content="Inlining function &apos;bool operator==&lt;8, false&gt;(ap_bit_ref&lt;8, false&gt; const&amp;, int)&apos; into &apos;seven_seg(bool, ap_uint&lt;8&gt;, ap_uint&lt;8&gt;&amp;, ap_uint&lt;4&gt;&amp;)&apos; (7_segment/7_seg.cpp:60:28)" resolution=""/>
	<Message severity="INFO" prefix="[HLS 214-131]" key="HLS 214-131" tag="" content="Inlining function &apos;ap_int_base&lt;8, false&gt;::operator[](int)&apos; into &apos;seven_seg(bool, ap_uint&lt;8&gt;, ap_uint&lt;8&gt;&amp;, ap_uint&lt;4&gt;&amp;)&apos; (7_segment/7_seg.cpp:60:18)" resolution=""/>
	<Message severity="INFO" prefix="[HLS 214-131]" key="HLS 214-131" tag="" content="Inlining function &apos;bool operator==&lt;8, false&gt;(ap_bit_ref&lt;8, false&gt; const&amp;, int)&apos; into &apos;seven_seg(bool, ap_uint&lt;8&gt;, ap_uint&lt;8&gt;&amp;, ap_uint&lt;4&gt;&amp;)&apos; (7_segment/7_seg.cpp:59:90)" resolution=""/>
	<Message severity="INFO" prefix="[HLS 214-131]" key="HLS 214-131" tag="" content="Inlining function &apos;ap_int_base&lt;8, false&gt;::operator[](int)&apos; into &apos;seven_seg(bool, ap_uint&lt;8&gt;, ap_uint&lt;8&gt;&amp;, ap_uint&lt;4&gt;&amp;)&apos; (7_segment/7_seg.cpp:59:80)" resolution=""/>
	<Message severity="INFO" prefix="[HLS 214-131]" key="HLS 214-131" tag="" content="Inlining function &apos;bool operator==&lt;8, false&gt;(ap_bit_ref&lt;8, false&gt; const&amp;, int)&apos; into &apos;seven_seg(bool, ap_uint&lt;8&gt;, ap_uint&lt;8&gt;&amp;, ap_uint&lt;4&gt;&amp;)&apos; (7_segment/7_seg.cpp:59:72)" resolution=""/>
	<Message severity="INFO" prefix="[HLS 214-131]" key="HLS 214-131" tag="" content="Inlining function &apos;ap_int_base&lt;8, false&gt;::operator[](int)&apos; into &apos;seven_seg(bool, ap_uint&lt;8&gt;, ap_uint&lt;8&gt;&amp;, ap_uint&lt;4&gt;&amp;)&apos; (7_segment/7_seg.cpp:59:62)" resolution=""/>
	<Message severity="INFO" prefix="[HLS 214-131]" key="HLS 214-131" tag="" content="Inlining function &apos;bool operator==&lt;8, false&gt;(ap_bit_ref&lt;8, false&gt; const&amp;, int)&apos; into &apos;seven_seg(bool, ap_uint&lt;8&gt;, ap_uint&lt;8&gt;&amp;, ap_uint&lt;4&gt;&amp;)&apos; (7_segment/7_seg.cpp:59:53)" resolution=""/>
	<Message severity="INFO" prefix="[HLS 214-131]" key="HLS 214-131" tag="" content="Inlining function &apos;ap_int_base&lt;8, false&gt;::operator[](int)&apos; into &apos;seven_seg(bool, ap_uint&lt;8&gt;, ap_uint&lt;8&gt;&amp;, ap_uint&lt;4&gt;&amp;)&apos; (7_segment/7_seg.cpp:59:43)" resolution=""/>
	<Message severity="INFO" prefix="[HLS 214-131]" key="HLS 214-131" tag="" content="Inlining function &apos;bool operator==&lt;8, false&gt;(ap_bit_ref&lt;8, false&gt; const&amp;, int)&apos; into &apos;seven_seg(bool, ap_uint&lt;8&gt;, ap_uint&lt;8&gt;&amp;, ap_uint&lt;4&gt;&amp;)&apos; (7_segment/7_seg.cpp:59:34)" resolution=""/>
	<Message severity="INFO" prefix="[HLS 214-131]" key="HLS 214-131" tag="" content="Inlining function &apos;ap_int_base&lt;8, false&gt;::operator[](int)&apos; into &apos;seven_seg(bool, ap_uint&lt;8&gt;, ap_uint&lt;8&gt;&amp;, ap_uint&lt;4&gt;&amp;)&apos; (7_segment/7_seg.cpp:59:24)" resolution=""/>
	<Message severity="INFO" prefix="[HLS 214-131]" key="HLS 214-131" tag="" content="Inlining function &apos;ap_bit_ref&lt;8, false&gt;::operator=(int)&apos; into &apos;seven_seg(bool, ap_uint&lt;8&gt;, ap_uint&lt;8&gt;&amp;, ap_uint&lt;4&gt;&amp;)&apos; (7_segment/7_seg.cpp:55:28)" resolution=""/>
	<Message severity="INFO" prefix="[HLS 214-131]" key="HLS 214-131" tag="" content="Inlining function &apos;ap_int_base&lt;8, false&gt;::operator[](int)&apos; into &apos;seven_seg(bool, ap_uint&lt;8&gt;, ap_uint&lt;8&gt;&amp;, ap_uint&lt;4&gt;&amp;)&apos; (7_segment/7_seg.cpp:55:18)" resolution=""/>
	<Message severity="INFO" prefix="[HLS 214-131]" key="HLS 214-131" tag="" content="Inlining function &apos;ap_bit_ref&lt;8, false&gt;::operator=(int)&apos; into &apos;seven_seg(bool, ap_uint&lt;8&gt;, ap_uint&lt;8&gt;&amp;, ap_uint&lt;4&gt;&amp;)&apos; (7_segment/7_seg.cpp:52:32)" resolution=""/>
	<Message severity="INFO" prefix="[HLS 214-131]" key="HLS 214-131" tag="" content="Inlining function &apos;ap_int_base&lt;8, false&gt;::operator[](int)&apos; into &apos;seven_seg(bool, ap_uint&lt;8&gt;, ap_uint&lt;8&gt;&amp;, ap_uint&lt;4&gt;&amp;)&apos; (7_segment/7_seg.cpp:52:22)" resolution=""/>
	<Message severity="INFO" prefix="[HLS 214-131]" key="HLS 214-131" tag="" content="Inlining function &apos;ap_bit_ref&lt;8, false&gt;::operator=(int)&apos; into &apos;seven_seg(bool, ap_uint&lt;8&gt;, ap_uint&lt;8&gt;&amp;, ap_uint&lt;4&gt;&amp;)&apos; (7_segment/7_seg.cpp:50:32)" resolution=""/>
	<Message severity="INFO" prefix="[HLS 214-131]" key="HLS 214-131" tag="" content="Inlining function &apos;ap_int_base&lt;8, false&gt;::operator[](int)&apos; into &apos;seven_seg(bool, ap_uint&lt;8&gt;, ap_uint&lt;8&gt;&amp;, ap_uint&lt;4&gt;&amp;)&apos; (7_segment/7_seg.cpp:50:22)" resolution=""/>
	<Message severity="INFO" prefix="[HLS 214-131]" key="HLS 214-131" tag="" content="Inlining function &apos;ap_bit_ref&lt;8, false&gt;::operator=(int)&apos; into &apos;seven_seg(bool, ap_uint&lt;8&gt;, ap_uint&lt;8&gt;&amp;, ap_uint&lt;4&gt;&amp;)&apos; (7_segment/7_seg.cpp:49:32)" resolution=""/>
	<Message severity="INFO" prefix="[HLS 214-131]" key="HLS 214-131" tag="" content="Inlining function &apos;ap_int_base&lt;8, false&gt;::operator[](int)&apos; into &apos;seven_seg(bool, ap_uint&lt;8&gt;, ap_uint&lt;8&gt;&amp;, ap_uint&lt;4&gt;&amp;)&apos; (7_segment/7_seg.cpp:49:22)" resolution=""/>
	<Message severity="INFO" prefix="[HLS 214-131]" key="HLS 214-131" tag="" content="Inlining function &apos;bool operator==&lt;8, false&gt;(ap_bit_ref&lt;8, false&gt; const&amp;, int)&apos; into &apos;seven_seg(bool, ap_uint&lt;8&gt;, ap_uint&lt;8&gt;&amp;, ap_uint&lt;4&gt;&amp;)&apos; (7_segment/7_seg.cpp:48:32)" resolution=""/>
	<Message severity="INFO" prefix="[HLS 214-131]" key="HLS 214-131" tag="" content="Inlining function &apos;ap_int_base&lt;8, false&gt;::operator[](int)&apos; into &apos;seven_seg(bool, ap_uint&lt;8&gt;, ap_uint&lt;8&gt;&amp;, ap_uint&lt;4&gt;&amp;)&apos; (7_segment/7_seg.cpp:48:22)" resolution=""/>
	<Message severity="INFO" prefix="[HLS 214-131]" key="HLS 214-131" tag="" content="Inlining function &apos;ap_bit_ref&lt;8, false&gt;::operator=(int)&apos; into &apos;seven_seg(bool, ap_uint&lt;8&gt;, ap_uint&lt;8&gt;&amp;, ap_uint&lt;4&gt;&amp;)&apos; (7_segment/7_seg.cpp:47:28)" resolution=""/>
	<Message severity="INFO" prefix="[HLS 214-131]" key="HLS 214-131" tag="" content="Inlining function &apos;ap_int_base&lt;8, false&gt;::operator[](int)&apos; into &apos;seven_seg(bool, ap_uint&lt;8&gt;, ap_uint&lt;8&gt;&amp;, ap_uint&lt;4&gt;&amp;)&apos; (7_segment/7_seg.cpp:47:18)" resolution=""/>
	<Message severity="INFO" prefix="[HLS 214-131]" key="HLS 214-131" tag="" content="Inlining function &apos;bool operator==&lt;8, false&gt;(ap_bit_ref&lt;8, false&gt; const&amp;, int)&apos; into &apos;seven_seg(bool, ap_uint&lt;8&gt;, ap_uint&lt;8&gt;&amp;, ap_uint&lt;4&gt;&amp;)&apos; (7_segment/7_seg.cpp:46:28)" resolution=""/>
	<Message severity="INFO" prefix="[HLS 214-131]" key="HLS 214-131" tag="" content="Inlining function &apos;ap_int_base&lt;8, false&gt;::operator[](int)&apos; into &apos;seven_seg(bool, ap_uint&lt;8&gt;, ap_uint&lt;8&gt;&amp;, ap_uint&lt;4&gt;&amp;)&apos; (7_segment/7_seg.cpp:46:18)" resolution=""/>
	<Message severity="INFO" prefix="[HLS 214-131]" key="HLS 214-131" tag="" content="Inlining function &apos;ap_bit_ref&lt;8, false&gt;::operator=(int)&apos; into &apos;seven_seg(bool, ap_uint&lt;8&gt;, ap_uint&lt;8&gt;&amp;, ap_uint&lt;4&gt;&amp;)&apos; (7_segment/7_seg.cpp:43:28)" resolution=""/>
	<Message severity="INFO" prefix="[HLS 214-131]" key="HLS 214-131" tag="" content="Inlining function &apos;ap_int_base&lt;8, false&gt;::operator[](int)&apos; into &apos;seven_seg(bool, ap_uint&lt;8&gt;, ap_uint&lt;8&gt;&amp;, ap_uint&lt;4&gt;&amp;)&apos; (7_segment/7_seg.cpp:43:18)" resolution=""/>
	<Message severity="INFO" prefix="[HLS 214-131]" key="HLS 214-131" tag="" content="Inlining function &apos;ap_bit_ref&lt;8, false&gt;::operator=(int)&apos; into &apos;seven_seg(bool, ap_uint&lt;8&gt;, ap_uint&lt;8&gt;&amp;, ap_uint&lt;4&gt;&amp;)&apos; (7_segment/7_seg.cpp:40:32)" resolution=""/>
	<Message severity="INFO" prefix="[HLS 214-131]" key="HLS 214-131" tag="" content="Inlining function &apos;ap_int_base&lt;8, false&gt;::operator[](int)&apos; into &apos;seven_seg(bool, ap_uint&lt;8&gt;, ap_uint&lt;8&gt;&amp;, ap_uint&lt;4&gt;&amp;)&apos; (7_segment/7_seg.cpp:40:22)" resolution=""/>
	<Message severity="INFO" prefix="[HLS 214-131]" key="HLS 214-131" tag="" content="Inlining function &apos;ap_bit_ref&lt;8, false&gt;::operator=(int)&apos; into &apos;seven_seg(bool, ap_uint&lt;8&gt;, ap_uint&lt;8&gt;&amp;, ap_uint&lt;4&gt;&amp;)&apos; (7_segment/7_seg.cpp:37:36)" resolution=""/>
	<Message severity="INFO" prefix="[HLS 214-131]" key="HLS 214-131" tag="" content="Inlining function &apos;ap_int_base&lt;8, false&gt;::operator[](int)&apos; into &apos;seven_seg(bool, ap_uint&lt;8&gt;, ap_uint&lt;8&gt;&amp;, ap_uint&lt;4&gt;&amp;)&apos; (7_segment/7_seg.cpp:37:26)" resolution=""/>
	<Message severity="INFO" prefix="[HLS 214-131]" key="HLS 214-131" tag="" content="Inlining function &apos;ap_bit_ref&lt;8, false&gt;::operator=(int)&apos; into &apos;seven_seg(bool, ap_uint&lt;8&gt;, ap_uint&lt;8&gt;&amp;, ap_uint&lt;4&gt;&amp;)&apos; (7_segment/7_seg.cpp:35:36)" resolution=""/>
	<Message severity="INFO" prefix="[HLS 214-131]" key="HLS 214-131" tag="" content="Inlining function &apos;ap_int_base&lt;8, false&gt;::operator[](int)&apos; into &apos;seven_seg(bool, ap_uint&lt;8&gt;, ap_uint&lt;8&gt;&amp;, ap_uint&lt;4&gt;&amp;)&apos; (7_segment/7_seg.cpp:35:26)" resolution=""/>
	<Message severity="INFO" prefix="[HLS 214-131]" key="HLS 214-131" tag="" content="Inlining function &apos;ap_bit_ref&lt;8, false&gt;::operator=(int)&apos; into &apos;seven_seg(bool, ap_uint&lt;8&gt;, ap_uint&lt;8&gt;&amp;, ap_uint&lt;4&gt;&amp;)&apos; (7_segment/7_seg.cpp:34:36)" resolution=""/>
	<Message severity="INFO" prefix="[HLS 214-131]" key="HLS 214-131" tag="" content="Inlining function &apos;ap_int_base&lt;8, false&gt;::operator[](int)&apos; into &apos;seven_seg(bool, ap_uint&lt;8&gt;, ap_uint&lt;8&gt;&amp;, ap_uint&lt;4&gt;&amp;)&apos; (7_segment/7_seg.cpp:34:26)" resolution=""/>
	<Message severity="INFO" prefix="[HLS 214-131]" key="HLS 214-131" tag="" content="Inlining function &apos;bool operator==&lt;8, false&gt;(ap_bit_ref&lt;8, false&gt; const&amp;, int)&apos; into &apos;seven_seg(bool, ap_uint&lt;8&gt;, ap_uint&lt;8&gt;&amp;, ap_uint&lt;4&gt;&amp;)&apos; (7_segment/7_seg.cpp:33:36)" resolution=""/>
	<Message severity="INFO" prefix="[HLS 214-131]" key="HLS 214-131" tag="" content="Inlining function &apos;ap_int_base&lt;8, false&gt;::operator[](int)&apos; into &apos;seven_seg(bool, ap_uint&lt;8&gt;, ap_uint&lt;8&gt;&amp;, ap_uint&lt;4&gt;&amp;)&apos; (7_segment/7_seg.cpp:33:26)" resolution=""/>
	<Message severity="INFO" prefix="[HLS 214-131]" key="HLS 214-131" tag="" content="Inlining function &apos;ap_bit_ref&lt;8, false&gt;::operator=(int)&apos; into &apos;seven_seg(bool, ap_uint&lt;8&gt;, ap_uint&lt;8&gt;&amp;, ap_uint&lt;4&gt;&amp;)&apos; (7_segment/7_seg.cpp:32:32)" resolution=""/>
	<Message severity="INFO" prefix="[HLS 214-131]" key="HLS 214-131" tag="" content="Inlining function &apos;ap_int_base&lt;8, false&gt;::operator[](int)&apos; into &apos;seven_seg(bool, ap_uint&lt;8&gt;, ap_uint&lt;8&gt;&amp;, ap_uint&lt;4&gt;&amp;)&apos; (7_segment/7_seg.cpp:32:22)" resolution=""/>
	<Message severity="INFO" prefix="[HLS 214-131]" key="HLS 214-131" tag="" content="Inlining function &apos;bool operator==&lt;8, false&gt;(ap_bit_ref&lt;8, false&gt; const&amp;, int)&apos; into &apos;seven_seg(bool, ap_uint&lt;8&gt;, ap_uint&lt;8&gt;&amp;, ap_uint&lt;4&gt;&amp;)&apos; (7_segment/7_seg.cpp:31:32)" resolution=""/>
	<Message severity="INFO" prefix="[HLS 214-131]" key="HLS 214-131" tag="" content="Inlining function &apos;ap_int_base&lt;8, false&gt;::operator[](int)&apos; into &apos;seven_seg(bool, ap_uint&lt;8&gt;, ap_uint&lt;8&gt;&amp;, ap_uint&lt;4&gt;&amp;)&apos; (7_segment/7_seg.cpp:31:22)" resolution=""/>
	<Message severity="INFO" prefix="[HLS 214-131]" key="HLS 214-131" tag="" content="Inlining function &apos;ap_bit_ref&lt;8, false&gt;::operator=(int)&apos; into &apos;seven_seg(bool, ap_uint&lt;8&gt;, ap_uint&lt;8&gt;&amp;, ap_uint&lt;4&gt;&amp;)&apos; (7_segment/7_seg.cpp:30:28)" resolution=""/>
	<Message severity="INFO" prefix="[HLS 214-131]" key="HLS 214-131" tag="" content="Inlining function &apos;ap_int_base&lt;8, false&gt;::operator[](int)&apos; into &apos;seven_seg(bool, ap_uint&lt;8&gt;, ap_uint&lt;8&gt;&amp;, ap_uint&lt;4&gt;&amp;)&apos; (7_segment/7_seg.cpp:30:18)" resolution=""/>
	<Message severity="INFO" prefix="[HLS 214-131]" key="HLS 214-131" tag="" content="Inlining function &apos;bool operator==&lt;8, false&gt;(ap_bit_ref&lt;8, false&gt; const&amp;, int)&apos; into &apos;seven_seg(bool, ap_uint&lt;8&gt;, ap_uint&lt;8&gt;&amp;, ap_uint&lt;4&gt;&amp;)&apos; (7_segment/7_seg.cpp:29:28)" resolution=""/>
	<Message severity="INFO" prefix="[HLS 214-131]" key="HLS 214-131" tag="" content="Inlining function &apos;ap_int_base&lt;8, false&gt;::operator[](int)&apos; into &apos;seven_seg(bool, ap_uint&lt;8&gt;, ap_uint&lt;8&gt;&amp;, ap_uint&lt;4&gt;&amp;)&apos; (7_segment/7_seg.cpp:29:18)" resolution=""/>
	<Message severity="INFO" prefix="[HLS 214-131]" key="HLS 214-131" tag="" content="Inlining function &apos;bool operator==&lt;8, false&gt;(ap_bit_ref&lt;8, false&gt; const&amp;, int)&apos; into &apos;seven_seg(bool, ap_uint&lt;8&gt;, ap_uint&lt;8&gt;&amp;, ap_uint&lt;4&gt;&amp;)&apos; (7_segment/7_seg.cpp:28:90)" resolution=""/>
	<Message severity="INFO" prefix="[HLS 214-131]" key="HLS 214-131" tag="" content="Inlining function &apos;ap_int_base&lt;8, false&gt;::operator[](int)&apos; into &apos;seven_seg(bool, ap_uint&lt;8&gt;, ap_uint&lt;8&gt;&amp;, ap_uint&lt;4&gt;&amp;)&apos; (7_segment/7_seg.cpp:28:80)" resolution=""/>
	<Message severity="INFO" prefix="[HLS 214-131]" key="HLS 214-131" tag="" content="Inlining function &apos;bool operator==&lt;8, false&gt;(ap_bit_ref&lt;8, false&gt; const&amp;, int)&apos; into &apos;seven_seg(bool, ap_uint&lt;8&gt;, ap_uint&lt;8&gt;&amp;, ap_uint&lt;4&gt;&amp;)&apos; (7_segment/7_seg.cpp:28:72)" resolution=""/>
	<Message severity="INFO" prefix="[HLS 214-131]" key="HLS 214-131" tag="" content="Inlining function &apos;ap_int_base&lt;8, false&gt;::operator[](int)&apos; into &apos;seven_seg(bool, ap_uint&lt;8&gt;, ap_uint&lt;8&gt;&amp;, ap_uint&lt;4&gt;&amp;)&apos; (7_segment/7_seg.cpp:28:62)" resolution=""/>
	<Message severity="INFO" prefix="[HLS 214-131]" key="HLS 214-131" tag="" content="Inlining function &apos;bool operator==&lt;8, false&gt;(ap_bit_ref&lt;8, false&gt; const&amp;, int)&apos; into &apos;seven_seg(bool, ap_uint&lt;8&gt;, ap_uint&lt;8&gt;&amp;, ap_uint&lt;4&gt;&amp;)&apos; (7_segment/7_seg.cpp:28:53)" resolution=""/>
	<Message severity="INFO" prefix="[HLS 214-131]" key="HLS 214-131" tag="" content="Inlining function &apos;ap_int_base&lt;8, false&gt;::operator[](int)&apos; into &apos;seven_seg(bool, ap_uint&lt;8&gt;, ap_uint&lt;8&gt;&amp;, ap_uint&lt;4&gt;&amp;)&apos; (7_segment/7_seg.cpp:28:43)" resolution=""/>
	<Message severity="INFO" prefix="[HLS 214-131]" key="HLS 214-131" tag="" content="Inlining function &apos;bool operator==&lt;8, false&gt;(ap_bit_ref&lt;8, false&gt; const&amp;, int)&apos; into &apos;seven_seg(bool, ap_uint&lt;8&gt;, ap_uint&lt;8&gt;&amp;, ap_uint&lt;4&gt;&amp;)&apos; (7_segment/7_seg.cpp:28:34)" resolution=""/>
	<Message severity="INFO" prefix="[HLS 214-131]" key="HLS 214-131" tag="" content="Inlining function &apos;ap_int_base&lt;8, false&gt;::operator[](int)&apos; into &apos;seven_seg(bool, ap_uint&lt;8&gt;, ap_uint&lt;8&gt;&amp;, ap_uint&lt;4&gt;&amp;)&apos; (7_segment/7_seg.cpp:28:24)" resolution=""/>
	<Message severity="INFO" prefix="[HLS 214-131]" key="HLS 214-131" tag="" content="Inlining function &apos;ap_bit_ref&lt;8, false&gt;::operator=(ap_bit_ref&lt;8, false&gt; const&amp;)&apos; into &apos;seven_seg(bool, ap_uint&lt;8&gt;, ap_uint&lt;8&gt;&amp;, ap_uint&lt;4&gt;&amp;)&apos; (7_segment/7_seg.cpp:27:20)" resolution=""/>
	<Message severity="INFO" prefix="[HLS 214-131]" key="HLS 214-131" tag="" content="Inlining function &apos;ap_int_base&lt;8, false&gt;::operator[](int)&apos; into &apos;seven_seg(bool, ap_uint&lt;8&gt;, ap_uint&lt;8&gt;&amp;, ap_uint&lt;4&gt;&amp;)&apos; (7_segment/7_seg.cpp:27:10)" resolution=""/>
	<Message severity="INFO" prefix="[HLS 214-131]" key="HLS 214-131" tag="" content="Inlining function &apos;ap_int_base&lt;8, false&gt;::operator[](int)&apos; into &apos;seven_seg(bool, ap_uint&lt;8&gt;, ap_uint&lt;8&gt;&amp;, ap_uint&lt;4&gt;&amp;)&apos; (7_segment/7_seg.cpp:27:22)" resolution=""/>
	<Message severity="INFO" prefix="[HLS 214-131]" key="HLS 214-131" tag="" content="Inlining function &apos;ap_bit_ref&lt;8, false&gt;::operator=(ap_bit_ref&lt;8, false&gt; const&amp;)&apos; into &apos;seven_seg(bool, ap_uint&lt;8&gt;, ap_uint&lt;8&gt;&amp;, ap_uint&lt;4&gt;&amp;)&apos; (7_segment/7_seg.cpp:25:24)" resolution=""/>
	<Message severity="INFO" prefix="[HLS 214-131]" key="HLS 214-131" tag="" content="Inlining function &apos;ap_int_base&lt;8, false&gt;::operator[](int)&apos; into &apos;seven_seg(bool, ap_uint&lt;8&gt;, ap_uint&lt;8&gt;&amp;, ap_uint&lt;4&gt;&amp;)&apos; (7_segment/7_seg.cpp:25:14)" resolution=""/>
	<Message severity="INFO" prefix="[HLS 214-131]" key="HLS 214-131" tag="" content="Inlining function &apos;ap_int_base&lt;8, false&gt;::operator[](int)&apos; into &apos;seven_seg(bool, ap_uint&lt;8&gt;, ap_uint&lt;8&gt;&amp;, ap_uint&lt;4&gt;&amp;)&apos; (7_segment/7_seg.cpp:25:26)" resolution=""/>
	<Message severity="INFO" prefix="[HLS 214-131]" key="HLS 214-131" tag="" content="Inlining function &apos;ap_bit_ref&lt;8, false&gt;::operator=(int)&apos; into &apos;seven_seg(bool, ap_uint&lt;8&gt;, ap_uint&lt;8&gt;&amp;, ap_uint&lt;4&gt;&amp;)&apos; (7_segment/7_seg.cpp:20:19)" resolution=""/>
	<Message severity="INFO" prefix="[HLS 214-291]" key="HLS 214-291" tag="" content="Loop &apos;VITIS_LOOP_103_5&apos; is marked as complete unroll implied by the pipeline pragma (7_segment/7_seg.cpp:103:24)" resolution=""/>
	<Message severity="INFO" prefix="[HLS 214-291]" key="HLS 214-291" tag="" content="Loop &apos;VITIS_LOOP_94_4&apos; is marked as complete unroll implied by the pipeline pragma (7_segment/7_seg.cpp:94:23)" resolution=""/>
	<Message severity="INFO" prefix="[HLS 214-291]" key="HLS 214-291" tag="" content="Loop &apos;VITIS_LOOP_23_2&apos; is marked as complete unroll implied by the pipeline pragma (7_segment/7_seg.cpp:23:23)" resolution=""/>
	<Message severity="INFO" prefix="[HLS 214-291]" key="HLS 214-291" tag="" content="Loop &apos;VITIS_LOOP_24_3&apos; is marked as complete unroll implied by the pipeline pragma (7_segment/7_seg.cpp:24:27)" resolution=""/>
	<Message severity="INFO" prefix="[HLS 214-291]" key="HLS 214-291" tag="" content="Loop &apos;VITIS_LOOP_19_1&apos; is marked as complete unroll implied by the pipeline pragma (7_segment/7_seg.cpp:19:23)" resolution=""/>
	<Message severity="INFO" prefix="[HLS 214-186]" key="HLS 214-186" tag="" content="Unrolling loop &apos;VITIS_LOOP_103_5&apos; (7_segment/7_seg.cpp:103:24) in function &apos;seven_seg&apos; completely with a factor of 4 (7_segment/7_seg.cpp:9:0)" resolution=""/>
	<Message severity="INFO" prefix="[HLS 214-186]" key="HLS 214-186" tag="" content="Unrolling loop &apos;VITIS_LOOP_94_4&apos; (7_segment/7_seg.cpp:94:23) in function &apos;seven_seg&apos; completely with a factor of 4 (7_segment/7_seg.cpp:9:0)" resolution=""/>
	<Message severity="INFO" prefix="[HLS 214-186]" key="HLS 214-186" tag="" content="Unrolling loop &apos;VITIS_LOOP_23_2&apos; (7_segment/7_seg.cpp:23:23) in function &apos;seven_seg&apos; completely with a factor of 8 (7_segment/7_seg.cpp:9:0)" resolution=""/>
	<Message severity="INFO" prefix="[HLS 214-186]" key="HLS 214-186" tag="" content="Unrolling loop &apos;VITIS_LOOP_24_3&apos; (7_segment/7_seg.cpp:24:27) in function &apos;seven_seg&apos; completely with a factor of 7 (7_segment/7_seg.cpp:9:0)" resolution=""/>
	<Message severity="INFO" prefix="[HLS 214-186]" key="HLS 214-186" tag="" content="Unrolling loop &apos;VITIS_LOOP_19_1&apos; (7_segment/7_seg.cpp:19:23) in function &apos;seven_seg&apos; completely with a factor of 8 (7_segment/7_seg.cpp:9:0)" resolution=""/>
	<Message severity="INFO" prefix="[HLS 214-241]" key="HLS 214-241" tag="" content="Aggregating scalar variable &apos;seg_seven_enable&apos; with compact=bit mode in 4-bits (7_segment/7_seg.cpp:9:0)" resolution=""/>
	<Message severity="INFO" prefix="[HLS 214-241]" key="HLS 214-241" tag="" content="Aggregating scalar variable &apos;seg_seven_data&apos; with compact=bit mode in 8-bits (7_segment/7_seg.cpp:9:0)" resolution=""/>
	<Message severity="INFO" prefix="[HLS 214-131]" key="HLS 214-131" tag="" content="Inlining function &apos;_llvm.fpga.pack.none.i8.s_struct.ap_uint&lt;8&gt;s&apos; into &apos;seven_seg(bool, ap_uint&lt;8&gt;, ap_uint&lt;8&gt;&amp;, ap_uint&lt;4&gt;&amp;)&apos; (7_segment/7_seg.cpp:120:11)" resolution=""/>
	<Message severity="INFO" prefix="[HLS 214-131]" key="HLS 214-131" tag="" content="Inlining function &apos;_llvm.fpga.pack.none.i8.s_struct.ap_uint&lt;8&gt;s&apos; into &apos;seven_seg(bool, ap_uint&lt;8&gt;, ap_uint&lt;8&gt;&amp;, ap_uint&lt;4&gt;&amp;)&apos; (7_segment/7_seg.cpp:136:11)" resolution=""/>
	<Message severity="INFO" prefix="[HLS 200-111]" key="HLS_111_966" tag="RUNTIME" content="Finished Compiling Optimization and Transform: CPU user time: 2 seconds. CPU system time: 1 seconds. Elapsed time: 10.948 seconds; current allocated memory: 1.100 GB." resolution=""/>
	<Message severity="INFO" prefix="[HLS 200-111]" key="HLS_111_966" tag="RUNTIME" content="Finished Checking Pragmas: CPU user time: 0 seconds. CPU system time: 0 seconds. Elapsed time: 0.002 seconds; current allocated memory: 1.100 GB." resolution=""/>
	<Message severity="INFO" prefix="[HLS 200-10]" key="HLS_10_1467" tag="" content="Starting code transformations ..." resolution=""/>
	<Message severity="INFO" prefix="[HLS 200-111]" key="HLS_111_966" tag="RUNTIME" content="Finished Standard Transforms: CPU user time: 0 seconds. CPU system time: 0 seconds. Elapsed time: 0.21 seconds; current allocated memory: 1.100 GB." resolution=""/>
	<Message severity="INFO" prefix="[HLS 200-10]" key="HLS_10_1472" tag="" content="Checking synthesizability ..." resolution=""/>
	<Message severity="INFO" prefix="[HLS 200-111]" key="HLS_111_966" tag="RUNTIME" content="Finished Checking Synthesizability: CPU user time: 1 seconds. CPU system time: 0 seconds. Elapsed time: 0.251 seconds; current allocated memory: 1.100 GB." resolution=""/>
	<Message severity="INFO" prefix="[XFORM 203-401]" key="XFORM_IFCONV_STATUS_239" tag="" content="Performing if-conversion on hyperblock from (7_segment/7_seg.cpp:10:9) to (7_segment/7_seg.cpp:256:1) in function &apos;seven_seg&apos;... converting 178 basic blocks." resolution=""/>
	<Message severity="INFO" prefix="[HLS 200-111]" key="HLS_111_966" tag="RUNTIME" content="Finished Loop, function and other optimizations: CPU user time: 0 seconds. CPU system time: 0 seconds. Elapsed time: 0.866 seconds; current allocated memory: 1.100 GB." resolution=""/>
	<Message severity="INFO" prefix="[HLS 200-111]" key="HLS_111_966" tag="RUNTIME" content="Finished Architecture Synthesis: CPU user time: 1 seconds. CPU system time: 0 seconds. Elapsed time: 0.614 seconds; current allocated memory: 1.100 GB." resolution=""/>
	<Message severity="INFO" prefix="[HLS 200-10]" key="HLS_10_1317" tag="" content="Starting hardware synthesis ..." resolution=""/>
	<Message severity="INFO" prefix="[HLS 200-10]" key="HLS_10_1385" tag="" content="Synthesizing &apos;seven_seg&apos; ..." resolution=""/>
	<Message severity="INFO" prefix="[HLS 200-10]" key="HLS_10_1477" tag="" content="----------------------------------------------------------------" resolution=""/>
	<Message severity="INFO" prefix="[HLS 200-42]" key="HLS_42_1438" tag="" content="-- Implementing module &apos;seven_seg&apos;" resolution=""/>
	<Message severity="INFO" prefix="[HLS 200-10]" key="HLS_10_1478" tag="" content="----------------------------------------------------------------" resolution=""/>
	<Message severity="INFO" prefix="[SCHED 204-11]" key="SCHED_SCHED_STATUS_597" tag="" content="Starting scheduling ..." resolution=""/>
	<Message severity="INFO" prefix="[SCHED 204-61]" key="SCHED_PIPELINING_STATUS_46" tag="" content="Pipelining function &apos;seven_seg&apos;." resolution=""/>
	<Message severity="INFO" prefix="[HLS 200-1470]" key="HLS 200-1470" tag="SCHEDULE,VITIS_THROUGHPUT" content="Pipelining result : Target II = NA, Final II = 1, Depth = 10, function &apos;seven_seg&apos;" resolution=""/>
	<Message severity="INFO" prefix="[SCHED 204-11]" key="SCHED_SCHED_STATUS_596" tag="" content="Finished scheduling." resolution=""/>
	<Message severity="INFO" prefix="[HLS 200-111]" key="HLS_111_966" tag="RUNTIME" content="Finished Scheduling: CPU user time: 1 seconds. CPU system time: 0 seconds. Elapsed time: 0.758 seconds; current allocated memory: 1.100 GB." resolution=""/>
	<Message severity="INFO" prefix="[BIND 205-100]" key="BIND_100_926" tag="" content="Starting micro-architecture generation ..." resolution=""/>
	<Message severity="INFO" prefix="[BIND 205-101]" key="BIND_101_698" tag="" content="Performing variable lifetime analysis." resolution=""/>
	<Message severity="INFO" prefix="[BIND 205-101]" key="BIND_101_697" tag="" content="Exploring resource sharing." resolution=""/>
	<Message severity="INFO" prefix="[BIND 205-101]" key="BIND_101_693" tag="" content="Binding ..." resolution=""/>
	<Message severity="INFO" prefix="[BIND 205-100]" key="BIND_100_925" tag="" content="Finished micro-architecture generation." resolution=""/>
	<Message severity="INFO" prefix="[HLS 200-111]" key="HLS_111_966" tag="RUNTIME" content="Finished Binding: CPU user time: 1 seconds. CPU system time: 0 seconds. Elapsed time: 0.918 seconds; current allocated memory: 1.100 GB." resolution=""/>
	<Message severity="INFO" prefix="[HLS 200-10]" key="HLS_10_1483" tag="" content="----------------------------------------------------------------" resolution=""/>
	<Message severity="INFO" prefix="[HLS 200-10]" key="HLS_10_1484" tag="" content="-- Generating RTL for module &apos;seven_seg&apos;" resolution=""/>
	<Message severity="INFO" prefix="[HLS 200-10]" key="HLS_10_1485" tag="" content="----------------------------------------------------------------" resolution=""/>
	<Message severity="INFO" prefix="[RTGEN 206-500]" key="PREPROC_IO_COMP_CONFLICT_1950" tag="" content="Setting interface mode on port &apos;seven_seg/refresh_signal&apos; to &apos;ap_none&apos;." resolution=""/>
	<Message severity="INFO" prefix="[RTGEN 206-500]" key="PREPROC_IO_COMP_CONFLICT_1950" tag="" content="Setting interface mode on port &apos;seven_seg/input_r&apos; to &apos;ap_none&apos;." resolution=""/>
	<Message severity="INFO" prefix="[RTGEN 206-500]" key="PREPROC_IO_COMP_CONFLICT_1950" tag="" content="Setting interface mode on port &apos;seven_seg/seg_seven_data&apos; to &apos;ap_none&apos;." resolution=""/>
	<Message severity="WARNING" prefix="[RTGEN 206-101]" key="RTGEN_101_871" tag="" content="Port &apos;seg_seven_data&apos; with mode &apos;ap_none&apos; may require an associated data valid signal to correctly communicate with other blocks or a test bench; automatic C/RTL co-simulation may not be able to verify such a port." resolution=""/>
	<Message severity="INFO" prefix="[RTGEN 206-500]" key="PREPROC_IO_COMP_CONFLICT_1950" tag="" content="Setting interface mode on port &apos;seven_seg/seg_seven_enable&apos; to &apos;ap_none&apos;." resolution=""/>
	<Message severity="WARNING" prefix="[RTGEN 206-101]" key="RTGEN_101_871" tag="" content="Port &apos;seg_seven_enable&apos; with mode &apos;ap_none&apos; may require an associated data valid signal to correctly communicate with other blocks or a test bench; automatic C/RTL co-simulation may not be able to verify such a port." resolution=""/>
	<Message severity="INFO" prefix="[RTGEN 206-500]" key="PREPROC_IO_COMP_CONFLICT_1950" tag="" content="Setting interface mode on function &apos;seven_seg&apos; to &apos;ap_ctrl_none&apos;." resolution=""/>
	<Message severity="WARNING" prefix="[RTGEN 206-101]" key="RTGEN_101_861" tag="" content="Register &apos;state&apos; is power-on initialization." resolution=""/>
	<Message severity="INFO" prefix="[HLS 200-1030]" key="HLS 200-1030" tag="" content="Apply Unified Pipeline Control on module &apos;seven_seg&apos; pipeline &apos;seven_seg&apos; pipeline type &apos;function pipeline&apos;" resolution=""/>
	<Message severity="INFO" prefix="[RTGEN 206-100]" key="RTGEN_100_856" tag="" content="Finished creating RTL model for &apos;seven_seg&apos;." resolution=""/>
	<Message severity="INFO" prefix="[HLS 200-111]" key="HLS_111_966" tag="RUNTIME" content="Finished Creating RTL model: CPU user time: 1 seconds. CPU system time: 0 seconds. Elapsed time: 2.076 seconds; current allocated memory: 1.100 GB." resolution=""/>
	<Message severity="INFO" prefix="[RTMG 210-279]" key="RTMG_279_1793" tag="" content="Implementing memory &apos;seven_seg_seven_segment_code_V_ROM_AUTO_1R&apos; using auto ROMs." resolution=""/>
	<Message severity="INFO" prefix="[HLS 200-111]" key="HLS_111_966" tag="RUNTIME" content="Finished Generating all RTL models: CPU user time: 6 seconds. CPU system time: 0 seconds. Elapsed time: 6.239 seconds; current allocated memory: 1.100 GB." resolution=""/>
	<Message severity="INFO" prefix="[HLS 200-111]" key="HLS_111_966" tag="RUNTIME" content="Finished Updating report files: CPU user time: 1 seconds. CPU system time: 0 seconds. Elapsed time: 0.467 seconds; current allocated memory: 1.100 GB." resolution=""/>
	<Message severity="INFO" prefix="[VHDL 208-304]" key="VHDL_304_1066" tag="" content="Generating VHDL RTL for seven_seg." resolution=""/>
	<Message severity="INFO" prefix="[VLOG 209-307]" key="VLOG_307_1067" tag="" content="Generating Verilog RTL for seven_seg." resolution=""/>
	<Message severity="INFO" prefix="[HLS 200-789]" key="HLS 200-789" tag="THROUGHPUT,VITIS_KERNEL" content="**** Estimated Fmax: 137.23 MHz" resolution=""/>
	<Message severity="INFO" prefix="[HLS 200-111]" key="HLS_111_966" tag="RUNTIME" content="Finished Command csynth_design CPU user time: 17 seconds. CPU system time: 1 seconds. Elapsed time: 34.847 seconds; current allocated memory: 360.168 MB." resolution=""/>
</Messages>
