{"sourceFile": [{
      "name": "",
      "directive": [
        {
          "functionName": "seven_seg",
          "label": "",
          "functionLabel": "",
          "id": "1",
          "sourceFile": "D:\/7_segment\/solution1\/directives.tcl",
          "sourceLine": "6",
          "pragma": {
            "name": "TOP",
            "option": [{
                "name": "name",
                "value": "seven_seg"
              }]
          }
        },
        {
          "functionName": "seven_seg",
          "label": "",
          "functionLabel": "",
          "id": "2",
          "sourceFile": "D:\/7_segment\/solution1\/csynth.tcl",
          "sourceLine": "17",
          "pragma": {
            "name": "TOP",
            "option": [{
                "name": "name",
                "value": "seven_seg"
              }]
          }
        }
      ]
    }]}
