<?xml version="1.0" encoding="utf-8"?>
<BindInfo>
	<BindNode BINDTYPE="op" DISPLAY="bind_op xor" ID="" IMPL="auto" LATENCY="0" OPTYPE="xor" PRAGMA="" RTLNAME="p_Result_4_fu_247_p2" SOURCE="C:/Xilinx-CN/Vitis_HLS/2022.1/common/technology/autopilot\ap_int_ref.h:825" VARIABLE="p_Result_4" MODULE="seven_seg" LOOP="" BUNDLEDNAME="" DSP="0" BRAM="0" URAM="0"/>
	<BindNode BINDTYPE="op" DISPLAY="bind_op icmp" ID="" IMPL="auto" LATENCY="0" OPTYPE="icmp" PRAGMA="" RTLNAME="icmp_ln28_fu_253_p2" SOURCE="7_segment/7_seg.cpp:28" VARIABLE="icmp_ln28" MODULE="seven_seg" LOOP="" BUNDLEDNAME="" DSP="0" BRAM="0" URAM="0"/>
	<BindNode BINDTYPE="op" DISPLAY="bind_op or" ID="" IMPL="auto" LATENCY="0" OPTYPE="or" PRAGMA="" RTLNAME="or_ln28_fu_259_p2" SOURCE="7_segment/7_seg.cpp:28" VARIABLE="or_ln28" MODULE="seven_seg" LOOP="" BUNDLEDNAME="" DSP="0" BRAM="0" URAM="0"/>
	<BindNode BINDTYPE="op" DISPLAY="bind_op icmp" ID="" IMPL="auto" LATENCY="0" OPTYPE="icmp" PRAGMA="" RTLNAME="p_Result_7_fu_293_p2" SOURCE="C:/Xilinx-CN/Vitis_HLS/2022.1/common/technology/autopilot\ap_int_ref.h:825" VARIABLE="p_Result_7" MODULE="seven_seg" LOOP="" BUNDLEDNAME="" DSP="0" BRAM="0" URAM="0"/>
	<BindNode BINDTYPE="op" DISPLAY="bind_op icmp" ID="" IMPL="auto" LATENCY="0" OPTYPE="icmp" PRAGMA="" RTLNAME="p_Result_10_fu_317_p2" SOURCE="C:/Xilinx-CN/Vitis_HLS/2022.1/common/technology/autopilot\ap_int_ref.h:825" VARIABLE="p_Result_10" MODULE="seven_seg" LOOP="" BUNDLEDNAME="" DSP="0" BRAM="0" URAM="0"/>
	<BindNode BINDTYPE="op" DISPLAY="bind_op select" ID="" IMPL="auto_sel" LATENCY="0" OPTYPE="select" PRAGMA="" RTLNAME="output_V_4_fu_323_p3" SOURCE="C:/Xilinx-CN/Vitis_HLS/2022.1/common/technology/autopilot\ap_int_ref.h:825" VARIABLE="output_V_4" MODULE="seven_seg" LOOP="" BUNDLEDNAME="" DSP="0" BRAM="0" URAM="0"/>
	<BindNode BINDTYPE="op" DISPLAY="bind_op and" ID="" IMPL="auto" LATENCY="0" OPTYPE="and" PRAGMA="" RTLNAME="and_ln825_fu_331_p2" SOURCE="C:/Xilinx-CN/Vitis_HLS/2022.1/common/technology/autopilot\ap_int_ref.h:825" VARIABLE="and_ln825" MODULE="seven_seg" LOOP="" BUNDLEDNAME="" DSP="0" BRAM="0" URAM="0"/>
	<BindNode BINDTYPE="op" DISPLAY="bind_op select" ID="" IMPL="auto_sel" LATENCY="0" OPTYPE="select" PRAGMA="" RTLNAME="output_V_5_fu_337_p3" SOURCE="C:/Xilinx-CN/Vitis_HLS/2022.1/common/technology/autopilot\ap_int_ref.h:825" VARIABLE="output_V_5" MODULE="seven_seg" LOOP="" BUNDLEDNAME="" DSP="0" BRAM="0" URAM="0"/>
	<BindNode BINDTYPE="op" DISPLAY="bind_op xor" ID="" IMPL="auto" LATENCY="0" OPTYPE="xor" PRAGMA="" RTLNAME="xor_ln825_fu_345_p2" SOURCE="C:/Xilinx-CN/Vitis_HLS/2022.1/common/technology/autopilot\ap_int_ref.h:825" VARIABLE="xor_ln825" MODULE="seven_seg" LOOP="" BUNDLEDNAME="" DSP="0" BRAM="0" URAM="0"/>
	<BindNode BINDTYPE="op" DISPLAY="bind_op and" ID="" IMPL="auto" LATENCY="0" OPTYPE="and" PRAGMA="" RTLNAME="and_ln825_1_fu_351_p2" SOURCE="C:/Xilinx-CN/Vitis_HLS/2022.1/common/technology/autopilot\ap_int_ref.h:825" VARIABLE="and_ln825_1" MODULE="seven_seg" LOOP="" BUNDLEDNAME="" DSP="0" BRAM="0" URAM="0"/>
	<BindNode BINDTYPE="op" DISPLAY="bind_op and" ID="" IMPL="auto" LATENCY="0" OPTYPE="and" PRAGMA="" RTLNAME="and_ln825_2_fu_357_p2" SOURCE="C:/Xilinx-CN/Vitis_HLS/2022.1/common/technology/autopilot\ap_int_ref.h:825" VARIABLE="and_ln825_2" MODULE="seven_seg" LOOP="" BUNDLEDNAME="" DSP="0" BRAM="0" URAM="0"/>
	<BindNode BINDTYPE="op" DISPLAY="bind_op select" ID="" IMPL="auto_sel" LATENCY="0" OPTYPE="select" PRAGMA="" RTLNAME="output_V_fu_363_p3" SOURCE="C:/Xilinx-CN/Vitis_HLS/2022.1/common/technology/autopilot\ap_int_ref.h:825" VARIABLE="output_V" MODULE="seven_seg" LOOP="" BUNDLEDNAME="" DSP="0" BRAM="0" URAM="0"/>
	<BindNode BINDTYPE="op" DISPLAY="bind_op xor" ID="" IMPL="auto" LATENCY="0" OPTYPE="xor" PRAGMA="" RTLNAME="p_Result_11_fu_379_p2" SOURCE="C:/Xilinx-CN/Vitis_HLS/2022.1/common/technology/autopilot\ap_int_ref.h:825" VARIABLE="p_Result_11" MODULE="seven_seg" LOOP="" BUNDLEDNAME="" DSP="0" BRAM="0" URAM="0"/>
	<BindNode BINDTYPE="op" DISPLAY="bind_op xor" ID="" IMPL="auto" LATENCY="0" OPTYPE="xor" PRAGMA="" RTLNAME="p_Result_14_fu_413_p2" SOURCE="C:/Xilinx-CN/Vitis_HLS/2022.1/common/technology/autopilot\ap_int_ref.h:825" VARIABLE="p_Result_14" MODULE="seven_seg" LOOP="" BUNDLEDNAME="" DSP="0" BRAM="0" URAM="0"/>
	<BindNode BINDTYPE="op" DISPLAY="bind_op xor" ID="" IMPL="auto" LATENCY="0" OPTYPE="xor" PRAGMA="" RTLNAME="xor_ln28_fu_441_p2" SOURCE="7_segment/7_seg.cpp:28" VARIABLE="xor_ln28" MODULE="seven_seg" LOOP="" BUNDLEDNAME="" DSP="0" BRAM="0" URAM="0"/>
	<BindNode BINDTYPE="op" DISPLAY="bind_op and" ID="" IMPL="auto" LATENCY="0" OPTYPE="and" PRAGMA="" RTLNAME="and_ln28_fu_447_p2" SOURCE="7_segment/7_seg.cpp:28" VARIABLE="and_ln28" MODULE="seven_seg" LOOP="" BUNDLEDNAME="" DSP="0" BRAM="0" URAM="0"/>
	<BindNode BINDTYPE="op" DISPLAY="bind_op and" ID="" IMPL="auto" LATENCY="0" OPTYPE="and" PRAGMA="" RTLNAME="and_ln28_1_fu_453_p2" SOURCE="7_segment/7_seg.cpp:28" VARIABLE="and_ln28_1" MODULE="seven_seg" LOOP="" BUNDLEDNAME="" DSP="0" BRAM="0" URAM="0"/>
	<BindNode BINDTYPE="op" DISPLAY="bind_op select" ID="" IMPL="auto_sel" LATENCY="0" OPTYPE="select" PRAGMA="" RTLNAME="output_V_11_fu_459_p3" SOURCE="7_segment/7_seg.cpp:28" VARIABLE="output_V_11" MODULE="seven_seg" LOOP="" BUNDLEDNAME="" DSP="0" BRAM="0" URAM="0"/>
	<BindNode BINDTYPE="op" DISPLAY="bind_op and" ID="" IMPL="auto" LATENCY="0" OPTYPE="and" PRAGMA="" RTLNAME="and_ln28_2_fu_467_p2" SOURCE="7_segment/7_seg.cpp:28" VARIABLE="and_ln28_2" MODULE="seven_seg" LOOP="" BUNDLEDNAME="" DSP="0" BRAM="0" URAM="0"/>
	<BindNode BINDTYPE="op" DISPLAY="bind_op and" ID="" IMPL="auto" LATENCY="0" OPTYPE="and" PRAGMA="" RTLNAME="and_ln28_3_fu_473_p2" SOURCE="7_segment/7_seg.cpp:28" VARIABLE="and_ln28_3" MODULE="seven_seg" LOOP="" BUNDLEDNAME="" DSP="0" BRAM="0" URAM="0"/>
	<BindNode BINDTYPE="op" DISPLAY="bind_op select" ID="" IMPL="auto_sel" LATENCY="0" OPTYPE="select" PRAGMA="" RTLNAME="output_V_12_fu_479_p3" SOURCE="7_segment/7_seg.cpp:28" VARIABLE="output_V_12" MODULE="seven_seg" LOOP="" BUNDLEDNAME="" DSP="0" BRAM="0" URAM="0"/>
	<BindNode BINDTYPE="op" DISPLAY="bind_op select" ID="" IMPL="auto_sel" LATENCY="0" OPTYPE="select" PRAGMA="" RTLNAME="output_V_157_fu_487_p3" SOURCE="7_segment/7_seg.cpp:28" VARIABLE="output_V_157" MODULE="seven_seg" LOOP="" BUNDLEDNAME="" DSP="0" BRAM="0" URAM="0"/>
	<BindNode BINDTYPE="op" DISPLAY="bind_op xor" ID="" IMPL="auto" LATENCY="0" OPTYPE="xor" PRAGMA="" RTLNAME="p_Result_18_fu_570_p2" SOURCE="C:/Xilinx-CN/Vitis_HLS/2022.1/common/technology/autopilot\ap_int_ref.h:825" VARIABLE="p_Result_18" MODULE="seven_seg" LOOP="" BUNDLEDNAME="" DSP="0" BRAM="0" URAM="0"/>
	<BindNode BINDTYPE="op" DISPLAY="bind_op icmp" ID="" IMPL="auto" LATENCY="0" OPTYPE="icmp" PRAGMA="" RTLNAME="icmp_ln59_fu_521_p2" SOURCE="7_segment/7_seg.cpp:59" VARIABLE="icmp_ln59" MODULE="seven_seg" LOOP="" BUNDLEDNAME="" DSP="0" BRAM="0" URAM="0"/>
	<BindNode BINDTYPE="op" DISPLAY="bind_op or" ID="" IMPL="auto" LATENCY="0" OPTYPE="or" PRAGMA="" RTLNAME="or_ln59_fu_575_p2" SOURCE="7_segment/7_seg.cpp:59" VARIABLE="or_ln59" MODULE="seven_seg" LOOP="" BUNDLEDNAME="" DSP="0" BRAM="0" URAM="0"/>
	<BindNode BINDTYPE="op" DISPLAY="bind_op xor" ID="" IMPL="auto" LATENCY="0" OPTYPE="xor" PRAGMA="" RTLNAME="p_Result_21_fu_606_p2" SOURCE="C:/Xilinx-CN/Vitis_HLS/2022.1/common/technology/autopilot\ap_int_ref.h:825" VARIABLE="p_Result_21" MODULE="seven_seg" LOOP="" BUNDLEDNAME="" DSP="0" BRAM="0" URAM="0"/>
	<BindNode BINDTYPE="op" DISPLAY="bind_op xor" ID="" IMPL="auto" LATENCY="0" OPTYPE="xor" PRAGMA="" RTLNAME="p_Result_24_fu_640_p2" SOURCE="C:/Xilinx-CN/Vitis_HLS/2022.1/common/technology/autopilot\ap_int_ref.h:825" VARIABLE="p_Result_24" MODULE="seven_seg" LOOP="" BUNDLEDNAME="" DSP="0" BRAM="0" URAM="0"/>
	<BindNode BINDTYPE="op" DISPLAY="bind_op select" ID="" IMPL="auto_sel" LATENCY="0" OPTYPE="select" PRAGMA="" RTLNAME="output_V_20_fu_668_p3" SOURCE="C:/Xilinx-CN/Vitis_HLS/2022.1/common/technology/autopilot\ap_int_ref.h:825" VARIABLE="output_V_20" MODULE="seven_seg" LOOP="" BUNDLEDNAME="" DSP="0" BRAM="0" URAM="0"/>
	<BindNode BINDTYPE="op" DISPLAY="bind_op and" ID="" IMPL="auto" LATENCY="0" OPTYPE="and" PRAGMA="" RTLNAME="and_ln825_3_fu_675_p2" SOURCE="C:/Xilinx-CN/Vitis_HLS/2022.1/common/technology/autopilot\ap_int_ref.h:825" VARIABLE="and_ln825_3" MODULE="seven_seg" LOOP="" BUNDLEDNAME="" DSP="0" BRAM="0" URAM="0"/>
	<BindNode BINDTYPE="op" DISPLAY="bind_op select" ID="" IMPL="auto_sel" LATENCY="0" OPTYPE="select" PRAGMA="" RTLNAME="output_V_21_fu_680_p3" SOURCE="C:/Xilinx-CN/Vitis_HLS/2022.1/common/technology/autopilot\ap_int_ref.h:825" VARIABLE="output_V_21" MODULE="seven_seg" LOOP="" BUNDLEDNAME="" DSP="0" BRAM="0" URAM="0"/>
	<BindNode BINDTYPE="op" DISPLAY="bind_op and" ID="" IMPL="auto" LATENCY="0" OPTYPE="and" PRAGMA="" RTLNAME="and_ln825_4_fu_688_p2" SOURCE="C:/Xilinx-CN/Vitis_HLS/2022.1/common/technology/autopilot\ap_int_ref.h:825" VARIABLE="and_ln825_4" MODULE="seven_seg" LOOP="" BUNDLEDNAME="" DSP="0" BRAM="0" URAM="0"/>
	<BindNode BINDTYPE="op" DISPLAY="bind_op and" ID="" IMPL="auto" LATENCY="0" OPTYPE="and" PRAGMA="" RTLNAME="and_ln825_5_fu_693_p2" SOURCE="C:/Xilinx-CN/Vitis_HLS/2022.1/common/technology/autopilot\ap_int_ref.h:825" VARIABLE="and_ln825_5" MODULE="seven_seg" LOOP="" BUNDLEDNAME="" DSP="0" BRAM="0" URAM="0"/>
	<BindNode BINDTYPE="op" DISPLAY="bind_op select" ID="" IMPL="auto_sel" LATENCY="0" OPTYPE="select" PRAGMA="" RTLNAME="output_V_158_fu_699_p3" SOURCE="C:/Xilinx-CN/Vitis_HLS/2022.1/common/technology/autopilot\ap_int_ref.h:825" VARIABLE="output_V_158" MODULE="seven_seg" LOOP="" BUNDLEDNAME="" DSP="0" BRAM="0" URAM="0"/>
	<BindNode BINDTYPE="op" DISPLAY="bind_op xor" ID="" IMPL="auto" LATENCY="0" OPTYPE="xor" PRAGMA="" RTLNAME="p_Result_27_fu_715_p2" SOURCE="C:/Xilinx-CN/Vitis_HLS/2022.1/common/technology/autopilot\ap_int_ref.h:825" VARIABLE="p_Result_27" MODULE="seven_seg" LOOP="" BUNDLEDNAME="" DSP="0" BRAM="0" URAM="0"/>
	<BindNode BINDTYPE="op" DISPLAY="bind_op xor" ID="" IMPL="auto" LATENCY="0" OPTYPE="xor" PRAGMA="" RTLNAME="p_Result_30_fu_749_p2" SOURCE="C:/Xilinx-CN/Vitis_HLS/2022.1/common/technology/autopilot\ap_int_ref.h:825" VARIABLE="p_Result_30" MODULE="seven_seg" LOOP="" BUNDLEDNAME="" DSP="0" BRAM="0" URAM="0"/>
	<BindNode BINDTYPE="op" DISPLAY="bind_op xor" ID="" IMPL="auto" LATENCY="0" OPTYPE="xor" PRAGMA="" RTLNAME="xor_ln59_fu_777_p2" SOURCE="7_segment/7_seg.cpp:59" VARIABLE="xor_ln59" MODULE="seven_seg" LOOP="" BUNDLEDNAME="" DSP="0" BRAM="0" URAM="0"/>
	<BindNode BINDTYPE="op" DISPLAY="bind_op and" ID="" IMPL="auto" LATENCY="0" OPTYPE="and" PRAGMA="" RTLNAME="and_ln59_fu_782_p2" SOURCE="7_segment/7_seg.cpp:59" VARIABLE="and_ln59" MODULE="seven_seg" LOOP="" BUNDLEDNAME="" DSP="0" BRAM="0" URAM="0"/>
	<BindNode BINDTYPE="op" DISPLAY="bind_op or" ID="" IMPL="auto" LATENCY="0" OPTYPE="or" PRAGMA="" RTLNAME="or_ln59_1_fu_787_p2" SOURCE="7_segment/7_seg.cpp:59" VARIABLE="or_ln59_1" MODULE="seven_seg" LOOP="" BUNDLEDNAME="" DSP="0" BRAM="0" URAM="0"/>
	<BindNode BINDTYPE="op" DISPLAY="bind_op and" ID="" IMPL="auto" LATENCY="0" OPTYPE="and" PRAGMA="" RTLNAME="and_ln59_1_fu_792_p2" SOURCE="7_segment/7_seg.cpp:59" VARIABLE="and_ln59_1" MODULE="seven_seg" LOOP="" BUNDLEDNAME="" DSP="0" BRAM="0" URAM="0"/>
	<BindNode BINDTYPE="op" DISPLAY="bind_op and" ID="" IMPL="auto" LATENCY="0" OPTYPE="and" PRAGMA="" RTLNAME="and_ln59_2_fu_798_p2" SOURCE="7_segment/7_seg.cpp:59" VARIABLE="and_ln59_2" MODULE="seven_seg" LOOP="" BUNDLEDNAME="" DSP="0" BRAM="0" URAM="0"/>
	<BindNode BINDTYPE="op" DISPLAY="bind_op and" ID="" IMPL="auto" LATENCY="0" OPTYPE="and" PRAGMA="" RTLNAME="and_ln59_3_fu_804_p2" SOURCE="7_segment/7_seg.cpp:59" VARIABLE="and_ln59_3" MODULE="seven_seg" LOOP="" BUNDLEDNAME="" DSP="0" BRAM="0" URAM="0"/>
	<BindNode BINDTYPE="op" DISPLAY="bind_op select" ID="" IMPL="auto_sel" LATENCY="0" OPTYPE="select" PRAGMA="" RTLNAME="select_ln59_fu_822_p3" SOURCE="7_segment/7_seg.cpp:59" VARIABLE="select_ln59" MODULE="seven_seg" LOOP="" BUNDLEDNAME="" DSP="0" BRAM="0" URAM="0"/>
	<BindNode BINDTYPE="op" DISPLAY="bind_op select" ID="" IMPL="auto_sel" LATENCY="0" OPTYPE="select" PRAGMA="" RTLNAME="output_V_27_fu_830_p3" SOURCE="7_segment/7_seg.cpp:59" VARIABLE="output_V_27" MODULE="seven_seg" LOOP="" BUNDLEDNAME="" DSP="0" BRAM="0" URAM="0"/>
	<BindNode BINDTYPE="op" DISPLAY="bind_op xor" ID="" IMPL="auto" LATENCY="0" OPTYPE="xor" PRAGMA="" RTLNAME="xor_ln825_8_fu_838_p2" SOURCE="C:/Xilinx-CN/Vitis_HLS/2022.1/common/technology/autopilot\ap_int_ref.h:825" VARIABLE="xor_ln825_8" MODULE="seven_seg" LOOP="" BUNDLEDNAME="" DSP="0" BRAM="0" URAM="0"/>
	<BindNode BINDTYPE="op" DISPLAY="bind_op and" ID="" IMPL="auto" LATENCY="0" OPTYPE="and" PRAGMA="" RTLNAME="and_ln59_4_fu_843_p2" SOURCE="7_segment/7_seg.cpp:59" VARIABLE="and_ln59_4" MODULE="seven_seg" LOOP="" BUNDLEDNAME="" DSP="0" BRAM="0" URAM="0"/>
	<BindNode BINDTYPE="op" DISPLAY="bind_op select" ID="" IMPL="auto_sel" LATENCY="0" OPTYPE="select" PRAGMA="" RTLNAME="output_V_159_fu_849_p3" SOURCE="7_segment/7_seg.cpp:59" VARIABLE="output_V_159" MODULE="seven_seg" LOOP="" BUNDLEDNAME="" DSP="0" BRAM="0" URAM="0"/>
	<BindNode BINDTYPE="op" DISPLAY="bind_op xor" ID="" IMPL="auto" LATENCY="0" OPTYPE="xor" PRAGMA="" RTLNAME="p_Result_38_fu_1005_p2" SOURCE="C:/Xilinx-CN/Vitis_HLS/2022.1/common/technology/autopilot\ap_int_ref.h:825" VARIABLE="p_Result_38" MODULE="seven_seg" LOOP="" BUNDLEDNAME="" DSP="0" BRAM="0" URAM="0"/>
	<BindNode BINDTYPE="op" DISPLAY="bind_op xor" ID="" IMPL="auto" LATENCY="0" OPTYPE="xor" PRAGMA="" RTLNAME="p_Result_39_fu_1010_p2" SOURCE="C:/Xilinx-CN/Vitis_HLS/2022.1/common/technology/autopilot\ap_int_ref.h:825" VARIABLE="p_Result_39" MODULE="seven_seg" LOOP="" BUNDLEDNAME="" DSP="0" BRAM="0" URAM="0"/>
	<BindNode BINDTYPE="op" DISPLAY="bind_op icmp" ID="" IMPL="auto" LATENCY="0" OPTYPE="icmp" PRAGMA="" RTLNAME="icmp_ln28_1_fu_884_p2" SOURCE="7_segment/7_seg.cpp:28" VARIABLE="icmp_ln28_1" MODULE="seven_seg" LOOP="" BUNDLEDNAME="" DSP="0" BRAM="0" URAM="0"/>
	<BindNode BINDTYPE="op" DISPLAY="bind_op or" ID="" IMPL="auto" LATENCY="0" OPTYPE="or" PRAGMA="" RTLNAME="or_ln28_1_fu_1015_p2" SOURCE="7_segment/7_seg.cpp:28" VARIABLE="or_ln28_1" MODULE="seven_seg" LOOP="" BUNDLEDNAME="" DSP="0" BRAM="0" URAM="0"/>
	<BindNode BINDTYPE="op" DISPLAY="bind_op icmp" ID="" IMPL="auto" LATENCY="0" OPTYPE="icmp" PRAGMA="" RTLNAME="p_Result_42_fu_906_p2" SOURCE="C:/Xilinx-CN/Vitis_HLS/2022.1/common/technology/autopilot\ap_int_ref.h:825" VARIABLE="p_Result_42" MODULE="seven_seg" LOOP="" BUNDLEDNAME="" DSP="0" BRAM="0" URAM="0"/>
	<BindNode BINDTYPE="op" DISPLAY="bind_op icmp" ID="" IMPL="auto" LATENCY="0" OPTYPE="icmp" PRAGMA="" RTLNAME="p_Result_45_fu_938_p2" SOURCE="C:/Xilinx-CN/Vitis_HLS/2022.1/common/technology/autopilot\ap_int_ref.h:825" VARIABLE="p_Result_45" MODULE="seven_seg" LOOP="" BUNDLEDNAME="" DSP="0" BRAM="0" URAM="0"/>
	<BindNode BINDTYPE="op" DISPLAY="bind_op select" ID="" IMPL="auto_sel" LATENCY="0" OPTYPE="select" PRAGMA="" RTLNAME="output_V_36_fu_962_p3" SOURCE="C:/Xilinx-CN/Vitis_HLS/2022.1/common/technology/autopilot\ap_int_ref.h:825" VARIABLE="output_V_36" MODULE="seven_seg" LOOP="" BUNDLEDNAME="" DSP="0" BRAM="0" URAM="0"/>
	<BindNode BINDTYPE="op" DISPLAY="bind_op and" ID="" IMPL="auto" LATENCY="0" OPTYPE="and" PRAGMA="" RTLNAME="and_ln825_6_fu_969_p2" SOURCE="C:/Xilinx-CN/Vitis_HLS/2022.1/common/technology/autopilot\ap_int_ref.h:825" VARIABLE="and_ln825_6" MODULE="seven_seg" LOOP="" BUNDLEDNAME="" DSP="0" BRAM="0" URAM="0"/>
	<BindNode BINDTYPE="op" DISPLAY="bind_op select" ID="" IMPL="auto_sel" LATENCY="0" OPTYPE="select" PRAGMA="" RTLNAME="output_V_37_fu_974_p3" SOURCE="C:/Xilinx-CN/Vitis_HLS/2022.1/common/technology/autopilot\ap_int_ref.h:825" VARIABLE="output_V_37" MODULE="seven_seg" LOOP="" BUNDLEDNAME="" DSP="0" BRAM="0" URAM="0"/>
	<BindNode BINDTYPE="op" DISPLAY="bind_op xor" ID="" IMPL="auto" LATENCY="0" OPTYPE="xor" PRAGMA="" RTLNAME="xor_ln825_9_fu_982_p2" SOURCE="C:/Xilinx-CN/Vitis_HLS/2022.1/common/technology/autopilot\ap_int_ref.h:825" VARIABLE="xor_ln825_9" MODULE="seven_seg" LOOP="" BUNDLEDNAME="" DSP="0" BRAM="0" URAM="0"/>
	<BindNode BINDTYPE="op" DISPLAY="bind_op and" ID="" IMPL="auto" LATENCY="0" OPTYPE="and" PRAGMA="" RTLNAME="and_ln825_7_fu_988_p2" SOURCE="C:/Xilinx-CN/Vitis_HLS/2022.1/common/technology/autopilot\ap_int_ref.h:825" VARIABLE="and_ln825_7" MODULE="seven_seg" LOOP="" BUNDLEDNAME="" DSP="0" BRAM="0" URAM="0"/>
	<BindNode BINDTYPE="op" DISPLAY="bind_op and" ID="" IMPL="auto" LATENCY="0" OPTYPE="and" PRAGMA="" RTLNAME="and_ln825_8_fu_993_p2" SOURCE="C:/Xilinx-CN/Vitis_HLS/2022.1/common/technology/autopilot\ap_int_ref.h:825" VARIABLE="and_ln825_8" MODULE="seven_seg" LOOP="" BUNDLEDNAME="" DSP="0" BRAM="0" URAM="0"/>
	<BindNode BINDTYPE="op" DISPLAY="bind_op select" ID="" IMPL="auto_sel" LATENCY="0" OPTYPE="select" PRAGMA="" RTLNAME="output_V_160_fu_1037_p3" SOURCE="C:/Xilinx-CN/Vitis_HLS/2022.1/common/technology/autopilot\ap_int_ref.h:825" VARIABLE="output_V_160" MODULE="seven_seg" LOOP="" BUNDLEDNAME="" DSP="0" BRAM="0" URAM="0"/>
	<BindNode BINDTYPE="op" DISPLAY="bind_op xor" ID="" IMPL="auto" LATENCY="0" OPTYPE="xor" PRAGMA="" RTLNAME="p_Result_48_fu_1051_p2" SOURCE="C:/Xilinx-CN/Vitis_HLS/2022.1/common/technology/autopilot\ap_int_ref.h:825" VARIABLE="p_Result_48" MODULE="seven_seg" LOOP="" BUNDLEDNAME="" DSP="0" BRAM="0" URAM="0"/>
	<BindNode BINDTYPE="op" DISPLAY="bind_op xor" ID="" IMPL="auto" LATENCY="0" OPTYPE="xor" PRAGMA="" RTLNAME="p_Result_51_fu_1085_p2" SOURCE="C:/Xilinx-CN/Vitis_HLS/2022.1/common/technology/autopilot\ap_int_ref.h:825" VARIABLE="p_Result_51" MODULE="seven_seg" LOOP="" BUNDLEDNAME="" DSP="0" BRAM="0" URAM="0"/>
	<BindNode BINDTYPE="op" DISPLAY="bind_op and" ID="" IMPL="auto" LATENCY="0" OPTYPE="and" PRAGMA="" RTLNAME="and_ln28_4_fu_1113_p2" SOURCE="7_segment/7_seg.cpp:28" VARIABLE="and_ln28_4" MODULE="seven_seg" LOOP="" BUNDLEDNAME="" DSP="0" BRAM="0" URAM="0"/>
	<BindNode BINDTYPE="op" DISPLAY="bind_op xor" ID="" IMPL="auto" LATENCY="0" OPTYPE="xor" PRAGMA="" RTLNAME="xor_ln28_5_fu_1119_p2" SOURCE="7_segment/7_seg.cpp:28" VARIABLE="xor_ln28_5" MODULE="seven_seg" LOOP="" BUNDLEDNAME="" DSP="0" BRAM="0" URAM="0"/>
	<BindNode BINDTYPE="op" DISPLAY="bind_op and" ID="" IMPL="auto" LATENCY="0" OPTYPE="and" PRAGMA="" RTLNAME="and_ln28_20_fu_1124_p2" SOURCE="7_segment/7_seg.cpp:28" VARIABLE="and_ln28_20" MODULE="seven_seg" LOOP="" BUNDLEDNAME="" DSP="0" BRAM="0" URAM="0"/>
	<BindNode BINDTYPE="op" DISPLAY="bind_op or" ID="" IMPL="auto" LATENCY="0" OPTYPE="or" PRAGMA="" RTLNAME="or_ln28_5_fu_1129_p2" SOURCE="7_segment/7_seg.cpp:28" VARIABLE="or_ln28_5" MODULE="seven_seg" LOOP="" BUNDLEDNAME="" DSP="0" BRAM="0" URAM="0"/>
	<BindNode BINDTYPE="op" DISPLAY="bind_op and" ID="" IMPL="auto" LATENCY="0" OPTYPE="and" PRAGMA="" RTLNAME="and_ln28_5_fu_1134_p2" SOURCE="7_segment/7_seg.cpp:28" VARIABLE="and_ln28_5" MODULE="seven_seg" LOOP="" BUNDLEDNAME="" DSP="0" BRAM="0" URAM="0"/>
	<BindNode BINDTYPE="op" DISPLAY="bind_op select" ID="" IMPL="auto_sel" LATENCY="0" OPTYPE="select" PRAGMA="" RTLNAME="output_V_43_fu_1140_p3" SOURCE="7_segment/7_seg.cpp:28" VARIABLE="output_V_43" MODULE="seven_seg" LOOP="" BUNDLEDNAME="" DSP="0" BRAM="0" URAM="0"/>
	<BindNode BINDTYPE="op" DISPLAY="bind_op and" ID="" IMPL="auto" LATENCY="0" OPTYPE="and" PRAGMA="" RTLNAME="and_ln28_6_fu_1148_p2" SOURCE="7_segment/7_seg.cpp:28" VARIABLE="and_ln28_6" MODULE="seven_seg" LOOP="" BUNDLEDNAME="" DSP="0" BRAM="0" URAM="0"/>
	<BindNode BINDTYPE="op" DISPLAY="bind_op and" ID="" IMPL="auto" LATENCY="0" OPTYPE="and" PRAGMA="" RTLNAME="and_ln28_7_fu_1154_p2" SOURCE="7_segment/7_seg.cpp:28" VARIABLE="and_ln28_7" MODULE="seven_seg" LOOP="" BUNDLEDNAME="" DSP="0" BRAM="0" URAM="0"/>
	<BindNode BINDTYPE="op" DISPLAY="bind_op select" ID="" IMPL="auto_sel" LATENCY="0" OPTYPE="select" PRAGMA="" RTLNAME="output_V_44_fu_1160_p3" SOURCE="7_segment/7_seg.cpp:28" VARIABLE="output_V_44" MODULE="seven_seg" LOOP="" BUNDLEDNAME="" DSP="0" BRAM="0" URAM="0"/>
	<BindNode BINDTYPE="op" DISPLAY="bind_op select" ID="" IMPL="auto_sel" LATENCY="0" OPTYPE="select" PRAGMA="" RTLNAME="output_V_161_fu_1168_p3" SOURCE="7_segment/7_seg.cpp:28" VARIABLE="output_V_161" MODULE="seven_seg" LOOP="" BUNDLEDNAME="" DSP="0" BRAM="0" URAM="0"/>
	<BindNode BINDTYPE="op" DISPLAY="bind_op xor" ID="" IMPL="auto" LATENCY="0" OPTYPE="xor" PRAGMA="" RTLNAME="p_Result_55_fu_1437_p2" SOURCE="C:/Xilinx-CN/Vitis_HLS/2022.1/common/technology/autopilot\ap_int_ref.h:825" VARIABLE="p_Result_55" MODULE="seven_seg" LOOP="" BUNDLEDNAME="" DSP="0" BRAM="0" URAM="0"/>
	<BindNode BINDTYPE="op" DISPLAY="bind_op icmp" ID="" IMPL="auto" LATENCY="0" OPTYPE="icmp" PRAGMA="" RTLNAME="icmp_ln59_1_fu_1202_p2" SOURCE="7_segment/7_seg.cpp:59" VARIABLE="icmp_ln59_1" MODULE="seven_seg" LOOP="" BUNDLEDNAME="" DSP="0" BRAM="0" URAM="0"/>
	<BindNode BINDTYPE="op" DISPLAY="bind_op or" ID="" IMPL="auto" LATENCY="0" OPTYPE="or" PRAGMA="" RTLNAME="or_ln59_2_fu_1442_p2" SOURCE="7_segment/7_seg.cpp:59" VARIABLE="or_ln59_2" MODULE="seven_seg" LOOP="" BUNDLEDNAME="" DSP="0" BRAM="0" URAM="0"/>
	<BindNode BINDTYPE="op" DISPLAY="bind_op xor" ID="" IMPL="auto" LATENCY="0" OPTYPE="xor" PRAGMA="" RTLNAME="p_Result_58_fu_1244_p2" SOURCE="C:/Xilinx-CN/Vitis_HLS/2022.1/common/technology/autopilot\ap_int_ref.h:825" VARIABLE="p_Result_58" MODULE="seven_seg" LOOP="" BUNDLEDNAME="" DSP="0" BRAM="0" URAM="0"/>
	<BindNode BINDTYPE="op" DISPLAY="bind_op xor" ID="" IMPL="auto" LATENCY="0" OPTYPE="xor" PRAGMA="" RTLNAME="p_Result_61_fu_1278_p2" SOURCE="C:/Xilinx-CN/Vitis_HLS/2022.1/common/technology/autopilot\ap_int_ref.h:825" VARIABLE="p_Result_61" MODULE="seven_seg" LOOP="" BUNDLEDNAME="" DSP="0" BRAM="0" URAM="0"/>
	<BindNode BINDTYPE="op" DISPLAY="bind_op select" ID="" IMPL="auto_sel" LATENCY="0" OPTYPE="select" PRAGMA="" RTLNAME="output_V_52_fu_1306_p3" SOURCE="C:/Xilinx-CN/Vitis_HLS/2022.1/common/technology/autopilot\ap_int_ref.h:825" VARIABLE="output_V_52" MODULE="seven_seg" LOOP="" BUNDLEDNAME="" DSP="0" BRAM="0" URAM="0"/>
	<BindNode BINDTYPE="op" DISPLAY="bind_op and" ID="" IMPL="auto" LATENCY="0" OPTYPE="and" PRAGMA="" RTLNAME="and_ln825_9_fu_1314_p2" SOURCE="C:/Xilinx-CN/Vitis_HLS/2022.1/common/technology/autopilot\ap_int_ref.h:825" VARIABLE="and_ln825_9" MODULE="seven_seg" LOOP="" BUNDLEDNAME="" DSP="0" BRAM="0" URAM="0"/>
	<BindNode BINDTYPE="op" DISPLAY="bind_op select" ID="" IMPL="auto_sel" LATENCY="0" OPTYPE="select" PRAGMA="" RTLNAME="output_V_53_fu_1320_p3" SOURCE="C:/Xilinx-CN/Vitis_HLS/2022.1/common/technology/autopilot\ap_int_ref.h:825" VARIABLE="output_V_53" MODULE="seven_seg" LOOP="" BUNDLEDNAME="" DSP="0" BRAM="0" URAM="0"/>
	<BindNode BINDTYPE="op" DISPLAY="bind_op and" ID="" IMPL="auto" LATENCY="0" OPTYPE="and" PRAGMA="" RTLNAME="and_ln825_10_fu_1328_p2" SOURCE="C:/Xilinx-CN/Vitis_HLS/2022.1/common/technology/autopilot\ap_int_ref.h:825" VARIABLE="and_ln825_10" MODULE="seven_seg" LOOP="" BUNDLEDNAME="" DSP="0" BRAM="0" URAM="0"/>
	<BindNode BINDTYPE="op" DISPLAY="bind_op and" ID="" IMPL="auto" LATENCY="0" OPTYPE="and" PRAGMA="" RTLNAME="and_ln825_11_fu_1334_p2" SOURCE="C:/Xilinx-CN/Vitis_HLS/2022.1/common/technology/autopilot\ap_int_ref.h:825" VARIABLE="and_ln825_11" MODULE="seven_seg" LOOP="" BUNDLEDNAME="" DSP="0" BRAM="0" URAM="0"/>
	<BindNode BINDTYPE="op" DISPLAY="bind_op select" ID="" IMPL="auto_sel" LATENCY="0" OPTYPE="select" PRAGMA="" RTLNAME="output_V_162_fu_1340_p3" SOURCE="C:/Xilinx-CN/Vitis_HLS/2022.1/common/technology/autopilot\ap_int_ref.h:825" VARIABLE="output_V_162" MODULE="seven_seg" LOOP="" BUNDLEDNAME="" DSP="0" BRAM="0" URAM="0"/>
	<BindNode BINDTYPE="op" DISPLAY="bind_op xor" ID="" IMPL="auto" LATENCY="0" OPTYPE="xor" PRAGMA="" RTLNAME="p_Result_64_fu_1356_p2" SOURCE="C:/Xilinx-CN/Vitis_HLS/2022.1/common/technology/autopilot\ap_int_ref.h:825" VARIABLE="p_Result_64" MODULE="seven_seg" LOOP="" BUNDLEDNAME="" DSP="0" BRAM="0" URAM="0"/>
	<BindNode BINDTYPE="op" DISPLAY="bind_op xor" ID="" IMPL="auto" LATENCY="0" OPTYPE="xor" PRAGMA="" RTLNAME="p_Result_67_fu_1454_p2" SOURCE="C:/Xilinx-CN/Vitis_HLS/2022.1/common/technology/autopilot\ap_int_ref.h:825" VARIABLE="p_Result_67" MODULE="seven_seg" LOOP="" BUNDLEDNAME="" DSP="0" BRAM="0" URAM="0"/>
	<BindNode BINDTYPE="op" DISPLAY="bind_op xor" ID="" IMPL="auto" LATENCY="0" OPTYPE="xor" PRAGMA="" RTLNAME="xor_ln59_1_fu_1394_p2" SOURCE="7_segment/7_seg.cpp:59" VARIABLE="xor_ln59_1" MODULE="seven_seg" LOOP="" BUNDLEDNAME="" DSP="0" BRAM="0" URAM="0"/>
	<BindNode BINDTYPE="op" DISPLAY="bind_op and" ID="" IMPL="auto" LATENCY="0" OPTYPE="and" PRAGMA="" RTLNAME="and_ln59_5_fu_1400_p2" SOURCE="7_segment/7_seg.cpp:59" VARIABLE="and_ln59_5" MODULE="seven_seg" LOOP="" BUNDLEDNAME="" DSP="0" BRAM="0" URAM="0"/>
	<BindNode BINDTYPE="op" DISPLAY="bind_op or" ID="" IMPL="auto" LATENCY="0" OPTYPE="or" PRAGMA="" RTLNAME="or_ln59_6_fu_1406_p2" SOURCE="7_segment/7_seg.cpp:59" VARIABLE="or_ln59_6" MODULE="seven_seg" LOOP="" BUNDLEDNAME="" DSP="0" BRAM="0" URAM="0"/>
	<BindNode BINDTYPE="op" DISPLAY="bind_op and" ID="" IMPL="auto" LATENCY="0" OPTYPE="and" PRAGMA="" RTLNAME="and_ln59_6_fu_1412_p2" SOURCE="7_segment/7_seg.cpp:59" VARIABLE="and_ln59_6" MODULE="seven_seg" LOOP="" BUNDLEDNAME="" DSP="0" BRAM="0" URAM="0"/>
	<BindNode BINDTYPE="op" DISPLAY="bind_op and" ID="" IMPL="auto" LATENCY="0" OPTYPE="and" PRAGMA="" RTLNAME="and_ln59_7_fu_1469_p2" SOURCE="7_segment/7_seg.cpp:59" VARIABLE="and_ln59_7" MODULE="seven_seg" LOOP="" BUNDLEDNAME="" DSP="0" BRAM="0" URAM="0"/>
	<BindNode BINDTYPE="op" DISPLAY="bind_op and" ID="" IMPL="auto" LATENCY="0" OPTYPE="and" PRAGMA="" RTLNAME="and_ln59_8_fu_1473_p2" SOURCE="7_segment/7_seg.cpp:59" VARIABLE="and_ln59_8" MODULE="seven_seg" LOOP="" BUNDLEDNAME="" DSP="0" BRAM="0" URAM="0"/>
	<BindNode BINDTYPE="op" DISPLAY="bind_op select" ID="" IMPL="auto_sel" LATENCY="0" OPTYPE="select" PRAGMA="" RTLNAME="select_ln59_3_fu_1426_p3" SOURCE="7_segment/7_seg.cpp:59" VARIABLE="select_ln59_3" MODULE="seven_seg" LOOP="" BUNDLEDNAME="" DSP="0" BRAM="0" URAM="0"/>
	<BindNode BINDTYPE="op" DISPLAY="bind_op select" ID="" IMPL="auto_sel" LATENCY="0" OPTYPE="select" PRAGMA="" RTLNAME="output_V_59_fu_1483_p3" SOURCE="7_segment/7_seg.cpp:59" VARIABLE="output_V_59" MODULE="seven_seg" LOOP="" BUNDLEDNAME="" DSP="0" BRAM="0" URAM="0"/>
	<BindNode BINDTYPE="op" DISPLAY="bind_op xor" ID="" IMPL="auto" LATENCY="0" OPTYPE="xor" PRAGMA="" RTLNAME="xor_ln825_14_fu_1490_p2" SOURCE="C:/Xilinx-CN/Vitis_HLS/2022.1/common/technology/autopilot\ap_int_ref.h:825" VARIABLE="xor_ln825_14" MODULE="seven_seg" LOOP="" BUNDLEDNAME="" DSP="0" BRAM="0" URAM="0"/>
	<BindNode BINDTYPE="op" DISPLAY="bind_op and" ID="" IMPL="auto" LATENCY="0" OPTYPE="and" PRAGMA="" RTLNAME="and_ln59_9_fu_1495_p2" SOURCE="7_segment/7_seg.cpp:59" VARIABLE="and_ln59_9" MODULE="seven_seg" LOOP="" BUNDLEDNAME="" DSP="0" BRAM="0" URAM="0"/>
	<BindNode BINDTYPE="op" DISPLAY="bind_op select" ID="" IMPL="auto_sel" LATENCY="0" OPTYPE="select" PRAGMA="" RTLNAME="output_V_163_fu_1501_p3" SOURCE="7_segment/7_seg.cpp:59" VARIABLE="output_V_163" MODULE="seven_seg" LOOP="" BUNDLEDNAME="" DSP="0" BRAM="0" URAM="0"/>
	<BindNode BINDTYPE="op" DISPLAY="bind_op xor" ID="" IMPL="auto" LATENCY="0" OPTYPE="xor" PRAGMA="" RTLNAME="p_Result_75_fu_1805_p2" SOURCE="C:/Xilinx-CN/Vitis_HLS/2022.1/common/technology/autopilot\ap_int_ref.h:825" VARIABLE="p_Result_75" MODULE="seven_seg" LOOP="" BUNDLEDNAME="" DSP="0" BRAM="0" URAM="0"/>
	<BindNode BINDTYPE="op" DISPLAY="bind_op xor" ID="" IMPL="auto" LATENCY="0" OPTYPE="xor" PRAGMA="" RTLNAME="p_Result_76_fu_1810_p2" SOURCE="C:/Xilinx-CN/Vitis_HLS/2022.1/common/technology/autopilot\ap_int_ref.h:825" VARIABLE="p_Result_76" MODULE="seven_seg" LOOP="" BUNDLEDNAME="" DSP="0" BRAM="0" URAM="0"/>
	<BindNode BINDTYPE="op" DISPLAY="bind_op icmp" ID="" IMPL="auto" LATENCY="0" OPTYPE="icmp" PRAGMA="" RTLNAME="icmp_ln28_2_fu_1536_p2" SOURCE="7_segment/7_seg.cpp:28" VARIABLE="icmp_ln28_2" MODULE="seven_seg" LOOP="" BUNDLEDNAME="" DSP="0" BRAM="0" URAM="0"/>
	<BindNode BINDTYPE="op" DISPLAY="bind_op or" ID="" IMPL="auto" LATENCY="0" OPTYPE="or" PRAGMA="" RTLNAME="or_ln28_2_fu_1815_p2" SOURCE="7_segment/7_seg.cpp:28" VARIABLE="or_ln28_2" MODULE="seven_seg" LOOP="" BUNDLEDNAME="" DSP="0" BRAM="0" URAM="0"/>
	<BindNode BINDTYPE="op" DISPLAY="bind_op icmp" ID="" IMPL="auto" LATENCY="0" OPTYPE="icmp" PRAGMA="" RTLNAME="p_Result_79_fu_1558_p2" SOURCE="C:/Xilinx-CN/Vitis_HLS/2022.1/common/technology/autopilot\ap_int_ref.h:825" VARIABLE="p_Result_79" MODULE="seven_seg" LOOP="" BUNDLEDNAME="" DSP="0" BRAM="0" URAM="0"/>
	<BindNode BINDTYPE="op" DISPLAY="bind_op icmp" ID="" IMPL="auto" LATENCY="0" OPTYPE="icmp" PRAGMA="" RTLNAME="p_Result_82_fu_1590_p2" SOURCE="C:/Xilinx-CN/Vitis_HLS/2022.1/common/technology/autopilot\ap_int_ref.h:825" VARIABLE="p_Result_82" MODULE="seven_seg" LOOP="" BUNDLEDNAME="" DSP="0" BRAM="0" URAM="0"/>
	<BindNode BINDTYPE="op" DISPLAY="bind_op select" ID="" IMPL="auto_sel" LATENCY="0" OPTYPE="select" PRAGMA="" RTLNAME="output_V_68_fu_1632_p3" SOURCE="C:/Xilinx-CN/Vitis_HLS/2022.1/common/technology/autopilot\ap_int_ref.h:825" VARIABLE="output_V_68" MODULE="seven_seg" LOOP="" BUNDLEDNAME="" DSP="0" BRAM="0" URAM="0"/>
	<BindNode BINDTYPE="op" DISPLAY="bind_op and" ID="" IMPL="auto" LATENCY="0" OPTYPE="and" PRAGMA="" RTLNAME="and_ln825_12_fu_1639_p2" SOURCE="C:/Xilinx-CN/Vitis_HLS/2022.1/common/technology/autopilot\ap_int_ref.h:825" VARIABLE="and_ln825_12" MODULE="seven_seg" LOOP="" BUNDLEDNAME="" DSP="0" BRAM="0" URAM="0"/>
	<BindNode BINDTYPE="op" DISPLAY="bind_op select" ID="" IMPL="auto_sel" LATENCY="0" OPTYPE="select" PRAGMA="" RTLNAME="output_V_69_fu_1644_p3" SOURCE="C:/Xilinx-CN/Vitis_HLS/2022.1/common/technology/autopilot\ap_int_ref.h:825" VARIABLE="output_V_69" MODULE="seven_seg" LOOP="" BUNDLEDNAME="" DSP="0" BRAM="0" URAM="0"/>
	<BindNode BINDTYPE="op" DISPLAY="bind_op xor" ID="" IMPL="auto" LATENCY="0" OPTYPE="xor" PRAGMA="" RTLNAME="xor_ln825_15_fu_1652_p2" SOURCE="C:/Xilinx-CN/Vitis_HLS/2022.1/common/technology/autopilot\ap_int_ref.h:825" VARIABLE="xor_ln825_15" MODULE="seven_seg" LOOP="" BUNDLEDNAME="" DSP="0" BRAM="0" URAM="0"/>
	<BindNode BINDTYPE="op" DISPLAY="bind_op and" ID="" IMPL="auto" LATENCY="0" OPTYPE="and" PRAGMA="" RTLNAME="and_ln825_13_fu_1658_p2" SOURCE="C:/Xilinx-CN/Vitis_HLS/2022.1/common/technology/autopilot\ap_int_ref.h:825" VARIABLE="and_ln825_13" MODULE="seven_seg" LOOP="" BUNDLEDNAME="" DSP="0" BRAM="0" URAM="0"/>
	<BindNode BINDTYPE="op" DISPLAY="bind_op and" ID="" IMPL="auto" LATENCY="0" OPTYPE="and" PRAGMA="" RTLNAME="and_ln825_14_fu_1663_p2" SOURCE="C:/Xilinx-CN/Vitis_HLS/2022.1/common/technology/autopilot\ap_int_ref.h:825" VARIABLE="and_ln825_14" MODULE="seven_seg" LOOP="" BUNDLEDNAME="" DSP="0" BRAM="0" URAM="0"/>
	<BindNode BINDTYPE="op" DISPLAY="bind_op select" ID="" IMPL="auto_sel" LATENCY="0" OPTYPE="select" PRAGMA="" RTLNAME="output_V_164_fu_1669_p3" SOURCE="C:/Xilinx-CN/Vitis_HLS/2022.1/common/technology/autopilot\ap_int_ref.h:825" VARIABLE="output_V_164" MODULE="seven_seg" LOOP="" BUNDLEDNAME="" DSP="0" BRAM="0" URAM="0"/>
	<BindNode BINDTYPE="op" DISPLAY="bind_op xor" ID="" IMPL="auto" LATENCY="0" OPTYPE="xor" PRAGMA="" RTLNAME="p_Result_85_fu_1685_p2" SOURCE="C:/Xilinx-CN/Vitis_HLS/2022.1/common/technology/autopilot\ap_int_ref.h:825" VARIABLE="p_Result_85" MODULE="seven_seg" LOOP="" BUNDLEDNAME="" DSP="0" BRAM="0" URAM="0"/>
	<BindNode BINDTYPE="op" DISPLAY="bind_op xor" ID="" IMPL="auto" LATENCY="0" OPTYPE="xor" PRAGMA="" RTLNAME="p_Result_88_fu_1719_p2" SOURCE="C:/Xilinx-CN/Vitis_HLS/2022.1/common/technology/autopilot\ap_int_ref.h:825" VARIABLE="p_Result_88" MODULE="seven_seg" LOOP="" BUNDLEDNAME="" DSP="0" BRAM="0" URAM="0"/>
	<BindNode BINDTYPE="op" DISPLAY="bind_op and" ID="" IMPL="auto" LATENCY="0" OPTYPE="and" PRAGMA="" RTLNAME="and_ln28_8_fu_1820_p2" SOURCE="7_segment/7_seg.cpp:28" VARIABLE="and_ln28_8" MODULE="seven_seg" LOOP="" BUNDLEDNAME="" DSP="0" BRAM="0" URAM="0"/>
	<BindNode BINDTYPE="op" DISPLAY="bind_op xor" ID="" IMPL="auto" LATENCY="0" OPTYPE="xor" PRAGMA="" RTLNAME="xor_ln28_6_fu_1747_p2" SOURCE="7_segment/7_seg.cpp:28" VARIABLE="xor_ln28_6" MODULE="seven_seg" LOOP="" BUNDLEDNAME="" DSP="0" BRAM="0" URAM="0"/>
	<BindNode BINDTYPE="op" DISPLAY="bind_op and" ID="" IMPL="auto" LATENCY="0" OPTYPE="and" PRAGMA="" RTLNAME="and_ln28_21_fu_1753_p2" SOURCE="7_segment/7_seg.cpp:28" VARIABLE="and_ln28_21" MODULE="seven_seg" LOOP="" BUNDLEDNAME="" DSP="0" BRAM="0" URAM="0"/>
	<BindNode BINDTYPE="op" DISPLAY="bind_op or" ID="" IMPL="auto" LATENCY="0" OPTYPE="or" PRAGMA="" RTLNAME="or_ln28_6_fu_1759_p2" SOURCE="7_segment/7_seg.cpp:28" VARIABLE="or_ln28_6" MODULE="seven_seg" LOOP="" BUNDLEDNAME="" DSP="0" BRAM="0" URAM="0"/>
	<BindNode BINDTYPE="op" DISPLAY="bind_op and" ID="" IMPL="auto" LATENCY="0" OPTYPE="and" PRAGMA="" RTLNAME="and_ln28_9_fu_1765_p2" SOURCE="7_segment/7_seg.cpp:28" VARIABLE="and_ln28_9" MODULE="seven_seg" LOOP="" BUNDLEDNAME="" DSP="0" BRAM="0" URAM="0"/>
	<BindNode BINDTYPE="op" DISPLAY="bind_op select" ID="" IMPL="auto_sel" LATENCY="0" OPTYPE="select" PRAGMA="" RTLNAME="output_V_75_fu_1771_p3" SOURCE="7_segment/7_seg.cpp:28" VARIABLE="output_V_75" MODULE="seven_seg" LOOP="" BUNDLEDNAME="" DSP="0" BRAM="0" URAM="0"/>
	<BindNode BINDTYPE="op" DISPLAY="bind_op and" ID="" IMPL="auto" LATENCY="0" OPTYPE="and" PRAGMA="" RTLNAME="and_ln28_10_fu_1779_p2" SOURCE="7_segment/7_seg.cpp:28" VARIABLE="and_ln28_10" MODULE="seven_seg" LOOP="" BUNDLEDNAME="" DSP="0" BRAM="0" URAM="0"/>
	<BindNode BINDTYPE="op" DISPLAY="bind_op and" ID="" IMPL="auto" LATENCY="0" OPTYPE="and" PRAGMA="" RTLNAME="and_ln28_11_fu_1785_p2" SOURCE="7_segment/7_seg.cpp:28" VARIABLE="and_ln28_11" MODULE="seven_seg" LOOP="" BUNDLEDNAME="" DSP="0" BRAM="0" URAM="0"/>
	<BindNode BINDTYPE="op" DISPLAY="bind_op select" ID="" IMPL="auto_sel" LATENCY="0" OPTYPE="select" PRAGMA="" RTLNAME="output_V_76_fu_1791_p3" SOURCE="7_segment/7_seg.cpp:28" VARIABLE="output_V_76" MODULE="seven_seg" LOOP="" BUNDLEDNAME="" DSP="0" BRAM="0" URAM="0"/>
	<BindNode BINDTYPE="op" DISPLAY="bind_op select" ID="" IMPL="auto_sel" LATENCY="0" OPTYPE="select" PRAGMA="" RTLNAME="output_V_165_fu_1826_p3" SOURCE="7_segment/7_seg.cpp:28" VARIABLE="output_V_165" MODULE="seven_seg" LOOP="" BUNDLEDNAME="" DSP="0" BRAM="0" URAM="0"/>
	<BindNode BINDTYPE="op" DISPLAY="bind_op xor" ID="" IMPL="auto" LATENCY="0" OPTYPE="xor" PRAGMA="" RTLNAME="p_Result_92_fu_1853_p2" SOURCE="C:/Xilinx-CN/Vitis_HLS/2022.1/common/technology/autopilot\ap_int_ref.h:825" VARIABLE="p_Result_92" MODULE="seven_seg" LOOP="" BUNDLEDNAME="" DSP="0" BRAM="0" URAM="0"/>
	<BindNode BINDTYPE="op" DISPLAY="bind_op icmp" ID="" IMPL="auto" LATENCY="0" OPTYPE="icmp" PRAGMA="" RTLNAME="icmp_ln59_2_fu_1869_p2" SOURCE="7_segment/7_seg.cpp:59" VARIABLE="icmp_ln59_2" MODULE="seven_seg" LOOP="" BUNDLEDNAME="" DSP="0" BRAM="0" URAM="0"/>
	<BindNode BINDTYPE="op" DISPLAY="bind_op or" ID="" IMPL="auto" LATENCY="0" OPTYPE="or" PRAGMA="" RTLNAME="or_ln59_3_fu_1875_p2" SOURCE="7_segment/7_seg.cpp:59" VARIABLE="or_ln59_3" MODULE="seven_seg" LOOP="" BUNDLEDNAME="" DSP="0" BRAM="0" URAM="0"/>
	<BindNode BINDTYPE="op" DISPLAY="bind_op xor" ID="" IMPL="auto" LATENCY="0" OPTYPE="xor" PRAGMA="" RTLNAME="p_Result_95_fu_1917_p2" SOURCE="C:/Xilinx-CN/Vitis_HLS/2022.1/common/technology/autopilot\ap_int_ref.h:825" VARIABLE="p_Result_95" MODULE="seven_seg" LOOP="" BUNDLEDNAME="" DSP="0" BRAM="0" URAM="0"/>
	<BindNode BINDTYPE="op" DISPLAY="bind_op xor" ID="" IMPL="auto" LATENCY="0" OPTYPE="xor" PRAGMA="" RTLNAME="p_Result_98_fu_1951_p2" SOURCE="C:/Xilinx-CN/Vitis_HLS/2022.1/common/technology/autopilot\ap_int_ref.h:825" VARIABLE="p_Result_98" MODULE="seven_seg" LOOP="" BUNDLEDNAME="" DSP="0" BRAM="0" URAM="0"/>
	<BindNode BINDTYPE="op" DISPLAY="bind_op select" ID="" IMPL="auto_sel" LATENCY="0" OPTYPE="select" PRAGMA="" RTLNAME="output_V_84_fu_1979_p3" SOURCE="C:/Xilinx-CN/Vitis_HLS/2022.1/common/technology/autopilot\ap_int_ref.h:825" VARIABLE="output_V_84" MODULE="seven_seg" LOOP="" BUNDLEDNAME="" DSP="0" BRAM="0" URAM="0"/>
	<BindNode BINDTYPE="op" DISPLAY="bind_op and" ID="" IMPL="auto" LATENCY="0" OPTYPE="and" PRAGMA="" RTLNAME="and_ln825_15_fu_1987_p2" SOURCE="C:/Xilinx-CN/Vitis_HLS/2022.1/common/technology/autopilot\ap_int_ref.h:825" VARIABLE="and_ln825_15" MODULE="seven_seg" LOOP="" BUNDLEDNAME="" DSP="0" BRAM="0" URAM="0"/>
	<BindNode BINDTYPE="op" DISPLAY="bind_op select" ID="" IMPL="auto_sel" LATENCY="0" OPTYPE="select" PRAGMA="" RTLNAME="output_V_85_fu_1993_p3" SOURCE="C:/Xilinx-CN/Vitis_HLS/2022.1/common/technology/autopilot\ap_int_ref.h:825" VARIABLE="output_V_85" MODULE="seven_seg" LOOP="" BUNDLEDNAME="" DSP="0" BRAM="0" URAM="0"/>
	<BindNode BINDTYPE="op" DISPLAY="bind_op and" ID="" IMPL="auto" LATENCY="0" OPTYPE="and" PRAGMA="" RTLNAME="and_ln825_27_fu_2001_p2" SOURCE="C:/Xilinx-CN/Vitis_HLS/2022.1/common/technology/autopilot\ap_int_ref.h:825" VARIABLE="and_ln825_27" MODULE="seven_seg" LOOP="" BUNDLEDNAME="" DSP="0" BRAM="0" URAM="0"/>
	<BindNode BINDTYPE="op" DISPLAY="bind_op and" ID="" IMPL="auto" LATENCY="0" OPTYPE="and" PRAGMA="" RTLNAME="and_ln825_16_fu_2007_p2" SOURCE="C:/Xilinx-CN/Vitis_HLS/2022.1/common/technology/autopilot\ap_int_ref.h:825" VARIABLE="and_ln825_16" MODULE="seven_seg" LOOP="" BUNDLEDNAME="" DSP="0" BRAM="0" URAM="0"/>
	<BindNode BINDTYPE="op" DISPLAY="bind_op select" ID="" IMPL="auto_sel" LATENCY="0" OPTYPE="select" PRAGMA="" RTLNAME="output_V_166_fu_2013_p3" SOURCE="C:/Xilinx-CN/Vitis_HLS/2022.1/common/technology/autopilot\ap_int_ref.h:825" VARIABLE="output_V_166" MODULE="seven_seg" LOOP="" BUNDLEDNAME="" DSP="0" BRAM="0" URAM="0"/>
	<BindNode BINDTYPE="op" DISPLAY="bind_op xor" ID="" IMPL="auto" LATENCY="0" OPTYPE="xor" PRAGMA="" RTLNAME="p_Result_101_fu_2029_p2" SOURCE="C:/Xilinx-CN/Vitis_HLS/2022.1/common/technology/autopilot\ap_int_ref.h:825" VARIABLE="p_Result_101" MODULE="seven_seg" LOOP="" BUNDLEDNAME="" DSP="0" BRAM="0" URAM="0"/>
	<BindNode BINDTYPE="op" DISPLAY="bind_op xor" ID="" IMPL="auto" LATENCY="0" OPTYPE="xor" PRAGMA="" RTLNAME="p_Result_104_fu_2063_p2" SOURCE="C:/Xilinx-CN/Vitis_HLS/2022.1/common/technology/autopilot\ap_int_ref.h:825" VARIABLE="p_Result_104" MODULE="seven_seg" LOOP="" BUNDLEDNAME="" DSP="0" BRAM="0" URAM="0"/>
	<BindNode BINDTYPE="op" DISPLAY="bind_op xor" ID="" IMPL="auto" LATENCY="0" OPTYPE="xor" PRAGMA="" RTLNAME="xor_ln59_2_fu_2091_p2" SOURCE="7_segment/7_seg.cpp:59" VARIABLE="xor_ln59_2" MODULE="seven_seg" LOOP="" BUNDLEDNAME="" DSP="0" BRAM="0" URAM="0"/>
	<BindNode BINDTYPE="op" DISPLAY="bind_op and" ID="" IMPL="auto" LATENCY="0" OPTYPE="and" PRAGMA="" RTLNAME="and_ln59_10_fu_2097_p2" SOURCE="7_segment/7_seg.cpp:59" VARIABLE="and_ln59_10" MODULE="seven_seg" LOOP="" BUNDLEDNAME="" DSP="0" BRAM="0" URAM="0"/>
	<BindNode BINDTYPE="op" DISPLAY="bind_op or" ID="" IMPL="auto" LATENCY="0" OPTYPE="or" PRAGMA="" RTLNAME="or_ln59_7_fu_2103_p2" SOURCE="7_segment/7_seg.cpp:59" VARIABLE="or_ln59_7" MODULE="seven_seg" LOOP="" BUNDLEDNAME="" DSP="0" BRAM="0" URAM="0"/>
	<BindNode BINDTYPE="op" DISPLAY="bind_op and" ID="" IMPL="auto" LATENCY="0" OPTYPE="and" PRAGMA="" RTLNAME="and_ln59_11_fu_2109_p2" SOURCE="7_segment/7_seg.cpp:59" VARIABLE="and_ln59_11" MODULE="seven_seg" LOOP="" BUNDLEDNAME="" DSP="0" BRAM="0" URAM="0"/>
	<BindNode BINDTYPE="op" DISPLAY="bind_op and" ID="" IMPL="auto" LATENCY="0" OPTYPE="and" PRAGMA="" RTLNAME="and_ln59_12_fu_2115_p2" SOURCE="7_segment/7_seg.cpp:59" VARIABLE="and_ln59_12" MODULE="seven_seg" LOOP="" BUNDLEDNAME="" DSP="0" BRAM="0" URAM="0"/>
	<BindNode BINDTYPE="op" DISPLAY="bind_op and" ID="" IMPL="auto" LATENCY="0" OPTYPE="and" PRAGMA="" RTLNAME="and_ln59_13_fu_2121_p2" SOURCE="7_segment/7_seg.cpp:59" VARIABLE="and_ln59_13" MODULE="seven_seg" LOOP="" BUNDLEDNAME="" DSP="0" BRAM="0" URAM="0"/>
	<BindNode BINDTYPE="op" DISPLAY="bind_op select" ID="" IMPL="auto_sel" LATENCY="0" OPTYPE="select" PRAGMA="" RTLNAME="select_ln59_6_fu_2139_p3" SOURCE="7_segment/7_seg.cpp:59" VARIABLE="select_ln59_6" MODULE="seven_seg" LOOP="" BUNDLEDNAME="" DSP="0" BRAM="0" URAM="0"/>
	<BindNode BINDTYPE="op" DISPLAY="bind_op select" ID="" IMPL="auto_sel" LATENCY="0" OPTYPE="select" PRAGMA="" RTLNAME="output_V_91_fu_2147_p3" SOURCE="7_segment/7_seg.cpp:59" VARIABLE="output_V_91" MODULE="seven_seg" LOOP="" BUNDLEDNAME="" DSP="0" BRAM="0" URAM="0"/>
	<BindNode BINDTYPE="op" DISPLAY="bind_op xor" ID="" IMPL="auto" LATENCY="0" OPTYPE="xor" PRAGMA="" RTLNAME="xor_ln825_20_fu_2155_p2" SOURCE="C:/Xilinx-CN/Vitis_HLS/2022.1/common/technology/autopilot\ap_int_ref.h:825" VARIABLE="xor_ln825_20" MODULE="seven_seg" LOOP="" BUNDLEDNAME="" DSP="0" BRAM="0" URAM="0"/>
	<BindNode BINDTYPE="op" DISPLAY="bind_op and" ID="" IMPL="auto" LATENCY="0" OPTYPE="and" PRAGMA="" RTLNAME="and_ln59_14_fu_2161_p2" SOURCE="7_segment/7_seg.cpp:59" VARIABLE="and_ln59_14" MODULE="seven_seg" LOOP="" BUNDLEDNAME="" DSP="0" BRAM="0" URAM="0"/>
	<BindNode BINDTYPE="op" DISPLAY="bind_op select" ID="" IMPL="auto_sel" LATENCY="0" OPTYPE="select" PRAGMA="" RTLNAME="output_V_167_fu_2167_p3" SOURCE="7_segment/7_seg.cpp:59" VARIABLE="output_V_167" MODULE="seven_seg" LOOP="" BUNDLEDNAME="" DSP="0" BRAM="0" URAM="0"/>
	<BindNode BINDTYPE="op" DISPLAY="bind_op xor" ID="" IMPL="auto" LATENCY="0" OPTYPE="xor" PRAGMA="" RTLNAME="p_Result_112_fu_2235_p2" SOURCE="C:/Xilinx-CN/Vitis_HLS/2022.1/common/technology/autopilot\ap_int_ref.h:825" VARIABLE="p_Result_112" MODULE="seven_seg" LOOP="" BUNDLEDNAME="" DSP="0" BRAM="0" URAM="0"/>
	<BindNode BINDTYPE="op" DISPLAY="bind_op xor" ID="" IMPL="auto" LATENCY="0" OPTYPE="xor" PRAGMA="" RTLNAME="p_Result_113_fu_2240_p2" SOURCE="C:/Xilinx-CN/Vitis_HLS/2022.1/common/technology/autopilot\ap_int_ref.h:825" VARIABLE="p_Result_113" MODULE="seven_seg" LOOP="" BUNDLEDNAME="" DSP="0" BRAM="0" URAM="0"/>
	<BindNode BINDTYPE="op" DISPLAY="bind_op icmp" ID="" IMPL="auto" LATENCY="0" OPTYPE="icmp" PRAGMA="" RTLNAME="icmp_ln28_3_fu_2245_p2" SOURCE="7_segment/7_seg.cpp:28" VARIABLE="icmp_ln28_3" MODULE="seven_seg" LOOP="" BUNDLEDNAME="" DSP="0" BRAM="0" URAM="0"/>
	<BindNode BINDTYPE="op" DISPLAY="bind_op or" ID="" IMPL="auto" LATENCY="0" OPTYPE="or" PRAGMA="" RTLNAME="or_ln28_3_fu_2251_p2" SOURCE="7_segment/7_seg.cpp:28" VARIABLE="or_ln28_3" MODULE="seven_seg" LOOP="" BUNDLEDNAME="" DSP="0" BRAM="0" URAM="0"/>
	<BindNode BINDTYPE="op" DISPLAY="bind_op icmp" ID="" IMPL="auto" LATENCY="0" OPTYPE="icmp" PRAGMA="" RTLNAME="p_Result_116_fu_2203_p2" SOURCE="C:/Xilinx-CN/Vitis_HLS/2022.1/common/technology/autopilot\ap_int_ref.h:825" VARIABLE="p_Result_116" MODULE="seven_seg" LOOP="" BUNDLEDNAME="" DSP="0" BRAM="0" URAM="0"/>
	<BindNode BINDTYPE="op" DISPLAY="bind_op icmp" ID="" IMPL="auto" LATENCY="0" OPTYPE="icmp" PRAGMA="" RTLNAME="p_Result_119_fu_2217_p2" SOURCE="C:/Xilinx-CN/Vitis_HLS/2022.1/common/technology/autopilot\ap_int_ref.h:825" VARIABLE="p_Result_119" MODULE="seven_seg" LOOP="" BUNDLEDNAME="" DSP="0" BRAM="0" URAM="0"/>
	<BindNode BINDTYPE="op" DISPLAY="bind_op select" ID="" IMPL="auto_sel" LATENCY="0" OPTYPE="select" PRAGMA="" RTLNAME="output_V_100_fu_2315_p3" SOURCE="C:/Xilinx-CN/Vitis_HLS/2022.1/common/technology/autopilot\ap_int_ref.h:825" VARIABLE="output_V_100" MODULE="seven_seg" LOOP="" BUNDLEDNAME="" DSP="0" BRAM="0" URAM="0"/>
	<BindNode BINDTYPE="op" DISPLAY="bind_op and" ID="" IMPL="auto" LATENCY="0" OPTYPE="and" PRAGMA="" RTLNAME="and_ln825_17_fu_2322_p2" SOURCE="C:/Xilinx-CN/Vitis_HLS/2022.1/common/technology/autopilot\ap_int_ref.h:825" VARIABLE="and_ln825_17" MODULE="seven_seg" LOOP="" BUNDLEDNAME="" DSP="0" BRAM="0" URAM="0"/>
	<BindNode BINDTYPE="op" DISPLAY="bind_op select" ID="" IMPL="auto_sel" LATENCY="0" OPTYPE="select" PRAGMA="" RTLNAME="output_V_101_fu_2326_p3" SOURCE="C:/Xilinx-CN/Vitis_HLS/2022.1/common/technology/autopilot\ap_int_ref.h:825" VARIABLE="output_V_101" MODULE="seven_seg" LOOP="" BUNDLEDNAME="" DSP="0" BRAM="0" URAM="0"/>
	<BindNode BINDTYPE="op" DISPLAY="bind_op xor" ID="" IMPL="auto" LATENCY="0" OPTYPE="xor" PRAGMA="" RTLNAME="xor_ln825_21_fu_2334_p2" SOURCE="C:/Xilinx-CN/Vitis_HLS/2022.1/common/technology/autopilot\ap_int_ref.h:825" VARIABLE="xor_ln825_21" MODULE="seven_seg" LOOP="" BUNDLEDNAME="" DSP="0" BRAM="0" URAM="0"/>
	<BindNode BINDTYPE="op" DISPLAY="bind_op and" ID="" IMPL="auto" LATENCY="0" OPTYPE="and" PRAGMA="" RTLNAME="and_ln825_18_fu_2339_p2" SOURCE="C:/Xilinx-CN/Vitis_HLS/2022.1/common/technology/autopilot\ap_int_ref.h:825" VARIABLE="and_ln825_18" MODULE="seven_seg" LOOP="" BUNDLEDNAME="" DSP="0" BRAM="0" URAM="0"/>
	<BindNode BINDTYPE="op" DISPLAY="bind_op and" ID="" IMPL="auto" LATENCY="0" OPTYPE="and" PRAGMA="" RTLNAME="and_ln825_19_fu_2344_p2" SOURCE="C:/Xilinx-CN/Vitis_HLS/2022.1/common/technology/autopilot\ap_int_ref.h:825" VARIABLE="and_ln825_19" MODULE="seven_seg" LOOP="" BUNDLEDNAME="" DSP="0" BRAM="0" URAM="0"/>
	<BindNode BINDTYPE="op" DISPLAY="bind_op select" ID="" IMPL="auto_sel" LATENCY="0" OPTYPE="select" PRAGMA="" RTLNAME="output_V_168_fu_2349_p3" SOURCE="C:/Xilinx-CN/Vitis_HLS/2022.1/common/technology/autopilot\ap_int_ref.h:825" VARIABLE="output_V_168" MODULE="seven_seg" LOOP="" BUNDLEDNAME="" DSP="0" BRAM="0" URAM="0"/>
	<BindNode BINDTYPE="op" DISPLAY="bind_op xor" ID="" IMPL="auto" LATENCY="0" OPTYPE="xor" PRAGMA="" RTLNAME="p_Result_122_fu_2365_p2" SOURCE="C:/Xilinx-CN/Vitis_HLS/2022.1/common/technology/autopilot\ap_int_ref.h:825" VARIABLE="p_Result_122" MODULE="seven_seg" LOOP="" BUNDLEDNAME="" DSP="0" BRAM="0" URAM="0"/>
	<BindNode BINDTYPE="op" DISPLAY="bind_op xor" ID="" IMPL="auto" LATENCY="0" OPTYPE="xor" PRAGMA="" RTLNAME="p_Result_125_fu_2399_p2" SOURCE="C:/Xilinx-CN/Vitis_HLS/2022.1/common/technology/autopilot\ap_int_ref.h:825" VARIABLE="p_Result_125" MODULE="seven_seg" LOOP="" BUNDLEDNAME="" DSP="0" BRAM="0" URAM="0"/>
	<BindNode BINDTYPE="op" DISPLAY="bind_op and" ID="" IMPL="auto" LATENCY="0" OPTYPE="and" PRAGMA="" RTLNAME="and_ln28_12_fu_2427_p2" SOURCE="7_segment/7_seg.cpp:28" VARIABLE="and_ln28_12" MODULE="seven_seg" LOOP="" BUNDLEDNAME="" DSP="0" BRAM="0" URAM="0"/>
	<BindNode BINDTYPE="op" DISPLAY="bind_op xor" ID="" IMPL="auto" LATENCY="0" OPTYPE="xor" PRAGMA="" RTLNAME="xor_ln28_7_fu_2433_p2" SOURCE="7_segment/7_seg.cpp:28" VARIABLE="xor_ln28_7" MODULE="seven_seg" LOOP="" BUNDLEDNAME="" DSP="0" BRAM="0" URAM="0"/>
	<BindNode BINDTYPE="op" DISPLAY="bind_op and" ID="" IMPL="auto" LATENCY="0" OPTYPE="and" PRAGMA="" RTLNAME="and_ln28_22_fu_2439_p2" SOURCE="7_segment/7_seg.cpp:28" VARIABLE="and_ln28_22" MODULE="seven_seg" LOOP="" BUNDLEDNAME="" DSP="0" BRAM="0" URAM="0"/>
	<BindNode BINDTYPE="op" DISPLAY="bind_op or" ID="" IMPL="auto" LATENCY="0" OPTYPE="or" PRAGMA="" RTLNAME="or_ln28_7_fu_2444_p2" SOURCE="7_segment/7_seg.cpp:28" VARIABLE="or_ln28_7" MODULE="seven_seg" LOOP="" BUNDLEDNAME="" DSP="0" BRAM="0" URAM="0"/>
	<BindNode BINDTYPE="op" DISPLAY="bind_op and" ID="" IMPL="auto" LATENCY="0" OPTYPE="and" PRAGMA="" RTLNAME="and_ln28_13_fu_2449_p2" SOURCE="7_segment/7_seg.cpp:28" VARIABLE="and_ln28_13" MODULE="seven_seg" LOOP="" BUNDLEDNAME="" DSP="0" BRAM="0" URAM="0"/>
	<BindNode BINDTYPE="op" DISPLAY="bind_op select" ID="" IMPL="auto_sel" LATENCY="0" OPTYPE="select" PRAGMA="" RTLNAME="output_V_107_fu_2455_p3" SOURCE="7_segment/7_seg.cpp:28" VARIABLE="output_V_107" MODULE="seven_seg" LOOP="" BUNDLEDNAME="" DSP="0" BRAM="0" URAM="0"/>
	<BindNode BINDTYPE="op" DISPLAY="bind_op and" ID="" IMPL="auto" LATENCY="0" OPTYPE="and" PRAGMA="" RTLNAME="and_ln28_14_fu_2463_p2" SOURCE="7_segment/7_seg.cpp:28" VARIABLE="and_ln28_14" MODULE="seven_seg" LOOP="" BUNDLEDNAME="" DSP="0" BRAM="0" URAM="0"/>
	<BindNode BINDTYPE="op" DISPLAY="bind_op and" ID="" IMPL="auto" LATENCY="0" OPTYPE="and" PRAGMA="" RTLNAME="and_ln28_15_fu_2469_p2" SOURCE="7_segment/7_seg.cpp:28" VARIABLE="and_ln28_15" MODULE="seven_seg" LOOP="" BUNDLEDNAME="" DSP="0" BRAM="0" URAM="0"/>
	<BindNode BINDTYPE="op" DISPLAY="bind_op select" ID="" IMPL="auto_sel" LATENCY="0" OPTYPE="select" PRAGMA="" RTLNAME="output_V_108_fu_2475_p3" SOURCE="7_segment/7_seg.cpp:28" VARIABLE="output_V_108" MODULE="seven_seg" LOOP="" BUNDLEDNAME="" DSP="0" BRAM="0" URAM="0"/>
	<BindNode BINDTYPE="op" DISPLAY="bind_op select" ID="" IMPL="auto_sel" LATENCY="0" OPTYPE="select" PRAGMA="" RTLNAME="output_V_169_fu_2483_p3" SOURCE="7_segment/7_seg.cpp:28" VARIABLE="output_V_169" MODULE="seven_seg" LOOP="" BUNDLEDNAME="" DSP="0" BRAM="0" URAM="0"/>
	<BindNode BINDTYPE="op" DISPLAY="bind_op xor" ID="" IMPL="auto" LATENCY="0" OPTYPE="xor" PRAGMA="" RTLNAME="p_Result_129_fu_2674_p2" SOURCE="C:/Xilinx-CN/Vitis_HLS/2022.1/common/technology/autopilot\ap_int_ref.h:825" VARIABLE="p_Result_129" MODULE="seven_seg" LOOP="" BUNDLEDNAME="" DSP="0" BRAM="0" URAM="0"/>
	<BindNode BINDTYPE="op" DISPLAY="bind_op icmp" ID="" IMPL="auto" LATENCY="0" OPTYPE="icmp" PRAGMA="" RTLNAME="icmp_ln59_3_fu_2517_p2" SOURCE="7_segment/7_seg.cpp:59" VARIABLE="icmp_ln59_3" MODULE="seven_seg" LOOP="" BUNDLEDNAME="" DSP="0" BRAM="0" URAM="0"/>
	<BindNode BINDTYPE="op" DISPLAY="bind_op or" ID="" IMPL="auto" LATENCY="0" OPTYPE="or" PRAGMA="" RTLNAME="or_ln59_4_fu_2679_p2" SOURCE="7_segment/7_seg.cpp:59" VARIABLE="or_ln59_4" MODULE="seven_seg" LOOP="" BUNDLEDNAME="" DSP="0" BRAM="0" URAM="0"/>
	<BindNode BINDTYPE="op" DISPLAY="bind_op xor" ID="" IMPL="auto" LATENCY="0" OPTYPE="xor" PRAGMA="" RTLNAME="p_Result_132_fu_2559_p2" SOURCE="C:/Xilinx-CN/Vitis_HLS/2022.1/common/technology/autopilot\ap_int_ref.h:825" VARIABLE="p_Result_132" MODULE="seven_seg" LOOP="" BUNDLEDNAME="" DSP="0" BRAM="0" URAM="0"/>
	<BindNode BINDTYPE="op" DISPLAY="bind_op xor" ID="" IMPL="auto" LATENCY="0" OPTYPE="xor" PRAGMA="" RTLNAME="p_Result_135_fu_2593_p2" SOURCE="C:/Xilinx-CN/Vitis_HLS/2022.1/common/technology/autopilot\ap_int_ref.h:825" VARIABLE="p_Result_135" MODULE="seven_seg" LOOP="" BUNDLEDNAME="" DSP="0" BRAM="0" URAM="0"/>
	<BindNode BINDTYPE="op" DISPLAY="bind_op select" ID="" IMPL="auto_sel" LATENCY="0" OPTYPE="select" PRAGMA="" RTLNAME="output_V_116_fu_2621_p3" SOURCE="C:/Xilinx-CN/Vitis_HLS/2022.1/common/technology/autopilot\ap_int_ref.h:825" VARIABLE="output_V_116" MODULE="seven_seg" LOOP="" BUNDLEDNAME="" DSP="0" BRAM="0" URAM="0"/>
	<BindNode BINDTYPE="op" DISPLAY="bind_op and" ID="" IMPL="auto" LATENCY="0" OPTYPE="and" PRAGMA="" RTLNAME="and_ln825_20_fu_2629_p2" SOURCE="C:/Xilinx-CN/Vitis_HLS/2022.1/common/technology/autopilot\ap_int_ref.h:825" VARIABLE="and_ln825_20" MODULE="seven_seg" LOOP="" BUNDLEDNAME="" DSP="0" BRAM="0" URAM="0"/>
	<BindNode BINDTYPE="op" DISPLAY="bind_op select" ID="" IMPL="auto_sel" LATENCY="0" OPTYPE="select" PRAGMA="" RTLNAME="output_V_117_fu_2635_p3" SOURCE="C:/Xilinx-CN/Vitis_HLS/2022.1/common/technology/autopilot\ap_int_ref.h:825" VARIABLE="output_V_117" MODULE="seven_seg" LOOP="" BUNDLEDNAME="" DSP="0" BRAM="0" URAM="0"/>
	<BindNode BINDTYPE="op" DISPLAY="bind_op and" ID="" IMPL="auto" LATENCY="0" OPTYPE="and" PRAGMA="" RTLNAME="and_ln825_28_fu_2643_p2" SOURCE="C:/Xilinx-CN/Vitis_HLS/2022.1/common/technology/autopilot\ap_int_ref.h:825" VARIABLE="and_ln825_28" MODULE="seven_seg" LOOP="" BUNDLEDNAME="" DSP="0" BRAM="0" URAM="0"/>
	<BindNode BINDTYPE="op" DISPLAY="bind_op and" ID="" IMPL="auto" LATENCY="0" OPTYPE="and" PRAGMA="" RTLNAME="and_ln825_21_fu_2649_p2" SOURCE="C:/Xilinx-CN/Vitis_HLS/2022.1/common/technology/autopilot\ap_int_ref.h:825" VARIABLE="and_ln825_21" MODULE="seven_seg" LOOP="" BUNDLEDNAME="" DSP="0" BRAM="0" URAM="0"/>
	<BindNode BINDTYPE="op" DISPLAY="bind_op select" ID="" IMPL="auto_sel" LATENCY="0" OPTYPE="select" PRAGMA="" RTLNAME="output_V_170_fu_2655_p3" SOURCE="C:/Xilinx-CN/Vitis_HLS/2022.1/common/technology/autopilot\ap_int_ref.h:825" VARIABLE="output_V_170" MODULE="seven_seg" LOOP="" BUNDLEDNAME="" DSP="0" BRAM="0" URAM="0"/>
	<BindNode BINDTYPE="op" DISPLAY="bind_op xor" ID="" IMPL="auto" LATENCY="0" OPTYPE="xor" PRAGMA="" RTLNAME="p_Result_138_fu_2684_p2" SOURCE="C:/Xilinx-CN/Vitis_HLS/2022.1/common/technology/autopilot\ap_int_ref.h:825" VARIABLE="p_Result_138" MODULE="seven_seg" LOOP="" BUNDLEDNAME="" DSP="0" BRAM="0" URAM="0"/>
	<BindNode BINDTYPE="op" DISPLAY="bind_op xor" ID="" IMPL="auto" LATENCY="0" OPTYPE="xor" PRAGMA="" RTLNAME="p_Result_141_fu_2715_p2" SOURCE="C:/Xilinx-CN/Vitis_HLS/2022.1/common/technology/autopilot\ap_int_ref.h:825" VARIABLE="p_Result_141" MODULE="seven_seg" LOOP="" BUNDLEDNAME="" DSP="0" BRAM="0" URAM="0"/>
	<BindNode BINDTYPE="op" DISPLAY="bind_op xor" ID="" IMPL="auto" LATENCY="0" OPTYPE="xor" PRAGMA="" RTLNAME="xor_ln59_3_fu_2743_p2" SOURCE="7_segment/7_seg.cpp:59" VARIABLE="xor_ln59_3" MODULE="seven_seg" LOOP="" BUNDLEDNAME="" DSP="0" BRAM="0" URAM="0"/>
	<BindNode BINDTYPE="op" DISPLAY="bind_op and" ID="" IMPL="auto" LATENCY="0" OPTYPE="and" PRAGMA="" RTLNAME="and_ln59_23_fu_2748_p2" SOURCE="7_segment/7_seg.cpp:59" VARIABLE="and_ln59_23" MODULE="seven_seg" LOOP="" BUNDLEDNAME="" DSP="0" BRAM="0" URAM="0"/>
	<BindNode BINDTYPE="op" DISPLAY="bind_op or" ID="" IMPL="auto" LATENCY="0" OPTYPE="or" PRAGMA="" RTLNAME="or_ln59_8_fu_2753_p2" SOURCE="7_segment/7_seg.cpp:59" VARIABLE="or_ln59_8" MODULE="seven_seg" LOOP="" BUNDLEDNAME="" DSP="0" BRAM="0" URAM="0"/>
	<BindNode BINDTYPE="op" DISPLAY="bind_op and" ID="" IMPL="auto" LATENCY="0" OPTYPE="and" PRAGMA="" RTLNAME="and_ln59_15_fu_2758_p2" SOURCE="7_segment/7_seg.cpp:59" VARIABLE="and_ln59_15" MODULE="seven_seg" LOOP="" BUNDLEDNAME="" DSP="0" BRAM="0" URAM="0"/>
	<BindNode BINDTYPE="op" DISPLAY="bind_op and" ID="" IMPL="auto" LATENCY="0" OPTYPE="and" PRAGMA="" RTLNAME="and_ln59_16_fu_2764_p2" SOURCE="7_segment/7_seg.cpp:59" VARIABLE="and_ln59_16" MODULE="seven_seg" LOOP="" BUNDLEDNAME="" DSP="0" BRAM="0" URAM="0"/>
	<BindNode BINDTYPE="op" DISPLAY="bind_op and" ID="" IMPL="auto" LATENCY="0" OPTYPE="and" PRAGMA="" RTLNAME="and_ln59_17_fu_2769_p2" SOURCE="7_segment/7_seg.cpp:59" VARIABLE="and_ln59_17" MODULE="seven_seg" LOOP="" BUNDLEDNAME="" DSP="0" BRAM="0" URAM="0"/>
	<BindNode BINDTYPE="op" DISPLAY="bind_op select" ID="" IMPL="auto_sel" LATENCY="0" OPTYPE="select" PRAGMA="" RTLNAME="select_ln59_9_fu_2787_p3" SOURCE="7_segment/7_seg.cpp:59" VARIABLE="select_ln59_9" MODULE="seven_seg" LOOP="" BUNDLEDNAME="" DSP="0" BRAM="0" URAM="0"/>
	<BindNode BINDTYPE="op" DISPLAY="bind_op select" ID="" IMPL="auto_sel" LATENCY="0" OPTYPE="select" PRAGMA="" RTLNAME="output_V_123_fu_2795_p3" SOURCE="7_segment/7_seg.cpp:59" VARIABLE="output_V_123" MODULE="seven_seg" LOOP="" BUNDLEDNAME="" DSP="0" BRAM="0" URAM="0"/>
	<BindNode BINDTYPE="op" DISPLAY="bind_op xor" ID="" IMPL="auto" LATENCY="0" OPTYPE="xor" PRAGMA="" RTLNAME="xor_ln825_26_fu_2803_p2" SOURCE="C:/Xilinx-CN/Vitis_HLS/2022.1/common/technology/autopilot\ap_int_ref.h:825" VARIABLE="xor_ln825_26" MODULE="seven_seg" LOOP="" BUNDLEDNAME="" DSP="0" BRAM="0" URAM="0"/>
	<BindNode BINDTYPE="op" DISPLAY="bind_op and" ID="" IMPL="auto" LATENCY="0" OPTYPE="and" PRAGMA="" RTLNAME="and_ln59_18_fu_2808_p2" SOURCE="7_segment/7_seg.cpp:59" VARIABLE="and_ln59_18" MODULE="seven_seg" LOOP="" BUNDLEDNAME="" DSP="0" BRAM="0" URAM="0"/>
	<BindNode BINDTYPE="op" DISPLAY="bind_op select" ID="" IMPL="auto_sel" LATENCY="0" OPTYPE="select" PRAGMA="" RTLNAME="output_V_171_fu_2814_p3" SOURCE="7_segment/7_seg.cpp:59" VARIABLE="output_V_171" MODULE="seven_seg" LOOP="" BUNDLEDNAME="" DSP="0" BRAM="0" URAM="0"/>
	<BindNode BINDTYPE="op" DISPLAY="bind_op xor" ID="" IMPL="auto" LATENCY="0" OPTYPE="xor" PRAGMA="" RTLNAME="p_Result_149_fu_3022_p2" SOURCE="C:/Xilinx-CN/Vitis_HLS/2022.1/common/technology/autopilot\ap_int_ref.h:825" VARIABLE="p_Result_149" MODULE="seven_seg" LOOP="" BUNDLEDNAME="" DSP="0" BRAM="0" URAM="0"/>
	<BindNode BINDTYPE="op" DISPLAY="bind_op xor" ID="" IMPL="auto" LATENCY="0" OPTYPE="xor" PRAGMA="" RTLNAME="p_Result_150_fu_3027_p2" SOURCE="C:/Xilinx-CN/Vitis_HLS/2022.1/common/technology/autopilot\ap_int_ref.h:825" VARIABLE="p_Result_150" MODULE="seven_seg" LOOP="" BUNDLEDNAME="" DSP="0" BRAM="0" URAM="0"/>
	<BindNode BINDTYPE="op" DISPLAY="bind_op icmp" ID="" IMPL="auto" LATENCY="0" OPTYPE="icmp" PRAGMA="" RTLNAME="icmp_ln28_4_fu_2849_p2" SOURCE="7_segment/7_seg.cpp:28" VARIABLE="icmp_ln28_4" MODULE="seven_seg" LOOP="" BUNDLEDNAME="" DSP="0" BRAM="0" URAM="0"/>
	<BindNode BINDTYPE="op" DISPLAY="bind_op or" ID="" IMPL="auto" LATENCY="0" OPTYPE="or" PRAGMA="" RTLNAME="or_ln28_4_fu_3032_p2" SOURCE="7_segment/7_seg.cpp:28" VARIABLE="or_ln28_4" MODULE="seven_seg" LOOP="" BUNDLEDNAME="" DSP="0" BRAM="0" URAM="0"/>
	<BindNode BINDTYPE="op" DISPLAY="bind_op icmp" ID="" IMPL="auto" LATENCY="0" OPTYPE="icmp" PRAGMA="" RTLNAME="p_Result_153_fu_2871_p2" SOURCE="C:/Xilinx-CN/Vitis_HLS/2022.1/common/technology/autopilot\ap_int_ref.h:825" VARIABLE="p_Result_153" MODULE="seven_seg" LOOP="" BUNDLEDNAME="" DSP="0" BRAM="0" URAM="0"/>
	<BindNode BINDTYPE="op" DISPLAY="bind_op icmp" ID="" IMPL="auto" LATENCY="0" OPTYPE="icmp" PRAGMA="" RTLNAME="p_Result_156_fu_2903_p2" SOURCE="C:/Xilinx-CN/Vitis_HLS/2022.1/common/technology/autopilot\ap_int_ref.h:825" VARIABLE="p_Result_156" MODULE="seven_seg" LOOP="" BUNDLEDNAME="" DSP="0" BRAM="0" URAM="0"/>
	<BindNode BINDTYPE="op" DISPLAY="bind_op select" ID="" IMPL="auto_sel" LATENCY="0" OPTYPE="select" PRAGMA="" RTLNAME="output_V_132_fu_2945_p3" SOURCE="C:/Xilinx-CN/Vitis_HLS/2022.1/common/technology/autopilot\ap_int_ref.h:825" VARIABLE="output_V_132" MODULE="seven_seg" LOOP="" BUNDLEDNAME="" DSP="0" BRAM="0" URAM="0"/>
	<BindNode BINDTYPE="op" DISPLAY="bind_op and" ID="" IMPL="auto" LATENCY="0" OPTYPE="and" PRAGMA="" RTLNAME="and_ln825_22_fu_2952_p2" SOURCE="C:/Xilinx-CN/Vitis_HLS/2022.1/common/technology/autopilot\ap_int_ref.h:825" VARIABLE="and_ln825_22" MODULE="seven_seg" LOOP="" BUNDLEDNAME="" DSP="0" BRAM="0" URAM="0"/>
	<BindNode BINDTYPE="op" DISPLAY="bind_op select" ID="" IMPL="auto_sel" LATENCY="0" OPTYPE="select" PRAGMA="" RTLNAME="output_V_133_fu_2957_p3" SOURCE="C:/Xilinx-CN/Vitis_HLS/2022.1/common/technology/autopilot\ap_int_ref.h:825" VARIABLE="output_V_133" MODULE="seven_seg" LOOP="" BUNDLEDNAME="" DSP="0" BRAM="0" URAM="0"/>
	<BindNode BINDTYPE="op" DISPLAY="bind_op xor" ID="" IMPL="auto" LATENCY="0" OPTYPE="xor" PRAGMA="" RTLNAME="xor_ln825_27_fu_2965_p2" SOURCE="C:/Xilinx-CN/Vitis_HLS/2022.1/common/technology/autopilot\ap_int_ref.h:825" VARIABLE="xor_ln825_27" MODULE="seven_seg" LOOP="" BUNDLEDNAME="" DSP="0" BRAM="0" URAM="0"/>
	<BindNode BINDTYPE="op" DISPLAY="bind_op and" ID="" IMPL="auto" LATENCY="0" OPTYPE="and" PRAGMA="" RTLNAME="and_ln825_23_fu_2971_p2" SOURCE="C:/Xilinx-CN/Vitis_HLS/2022.1/common/technology/autopilot\ap_int_ref.h:825" VARIABLE="and_ln825_23" MODULE="seven_seg" LOOP="" BUNDLEDNAME="" DSP="0" BRAM="0" URAM="0"/>
	<BindNode BINDTYPE="op" DISPLAY="bind_op and" ID="" IMPL="auto" LATENCY="0" OPTYPE="and" PRAGMA="" RTLNAME="and_ln825_24_fu_2976_p2" SOURCE="C:/Xilinx-CN/Vitis_HLS/2022.1/common/technology/autopilot\ap_int_ref.h:825" VARIABLE="and_ln825_24" MODULE="seven_seg" LOOP="" BUNDLEDNAME="" DSP="0" BRAM="0" URAM="0"/>
	<BindNode BINDTYPE="op" DISPLAY="bind_op select" ID="" IMPL="auto_sel" LATENCY="0" OPTYPE="select" PRAGMA="" RTLNAME="output_V_172_fu_2982_p3" SOURCE="C:/Xilinx-CN/Vitis_HLS/2022.1/common/technology/autopilot\ap_int_ref.h:825" VARIABLE="output_V_172" MODULE="seven_seg" LOOP="" BUNDLEDNAME="" DSP="0" BRAM="0" URAM="0"/>
	<BindNode BINDTYPE="op" DISPLAY="bind_op xor" ID="" IMPL="auto" LATENCY="0" OPTYPE="xor" PRAGMA="" RTLNAME="p_Result_159_fu_3037_p2" SOURCE="C:/Xilinx-CN/Vitis_HLS/2022.1/common/technology/autopilot\ap_int_ref.h:825" VARIABLE="p_Result_159" MODULE="seven_seg" LOOP="" BUNDLEDNAME="" DSP="0" BRAM="0" URAM="0"/>
	<BindNode BINDTYPE="op" DISPLAY="bind_op xor" ID="" IMPL="auto" LATENCY="0" OPTYPE="xor" PRAGMA="" RTLNAME="p_Result_162_fu_3068_p2" SOURCE="C:/Xilinx-CN/Vitis_HLS/2022.1/common/technology/autopilot\ap_int_ref.h:825" VARIABLE="p_Result_162" MODULE="seven_seg" LOOP="" BUNDLEDNAME="" DSP="0" BRAM="0" URAM="0"/>
	<BindNode BINDTYPE="op" DISPLAY="bind_op and" ID="" IMPL="auto" LATENCY="0" OPTYPE="and" PRAGMA="" RTLNAME="and_ln28_16_fu_3096_p2" SOURCE="7_segment/7_seg.cpp:28" VARIABLE="and_ln28_16" MODULE="seven_seg" LOOP="" BUNDLEDNAME="" DSP="0" BRAM="0" URAM="0"/>
	<BindNode BINDTYPE="op" DISPLAY="bind_op xor" ID="" IMPL="auto" LATENCY="0" OPTYPE="xor" PRAGMA="" RTLNAME="xor_ln28_8_fu_2998_p2" SOURCE="7_segment/7_seg.cpp:28" VARIABLE="xor_ln28_8" MODULE="seven_seg" LOOP="" BUNDLEDNAME="" DSP="0" BRAM="0" URAM="0"/>
	<BindNode BINDTYPE="op" DISPLAY="bind_op and" ID="" IMPL="auto" LATENCY="0" OPTYPE="and" PRAGMA="" RTLNAME="and_ln28_23_fu_3004_p2" SOURCE="7_segment/7_seg.cpp:28" VARIABLE="and_ln28_23" MODULE="seven_seg" LOOP="" BUNDLEDNAME="" DSP="0" BRAM="0" URAM="0"/>
	<BindNode BINDTYPE="op" DISPLAY="bind_op or" ID="" IMPL="auto" LATENCY="0" OPTYPE="or" PRAGMA="" RTLNAME="or_ln28_8_fu_3010_p2" SOURCE="7_segment/7_seg.cpp:28" VARIABLE="or_ln28_8" MODULE="seven_seg" LOOP="" BUNDLEDNAME="" DSP="0" BRAM="0" URAM="0"/>
	<BindNode BINDTYPE="op" DISPLAY="bind_op and" ID="" IMPL="auto" LATENCY="0" OPTYPE="and" PRAGMA="" RTLNAME="and_ln28_17_fu_3102_p2" SOURCE="7_segment/7_seg.cpp:28" VARIABLE="and_ln28_17" MODULE="seven_seg" LOOP="" BUNDLEDNAME="" DSP="0" BRAM="0" URAM="0"/>
	<BindNode BINDTYPE="op" DISPLAY="bind_op select" ID="" IMPL="auto_sel" LATENCY="0" OPTYPE="select" PRAGMA="" RTLNAME="output_V_139_fu_3107_p3" SOURCE="7_segment/7_seg.cpp:28" VARIABLE="output_V_139" MODULE="seven_seg" LOOP="" BUNDLEDNAME="" DSP="0" BRAM="0" URAM="0"/>
	<BindNode BINDTYPE="op" DISPLAY="bind_op and" ID="" IMPL="auto" LATENCY="0" OPTYPE="and" PRAGMA="" RTLNAME="and_ln28_18_fu_3115_p2" SOURCE="7_segment/7_seg.cpp:28" VARIABLE="and_ln28_18" MODULE="seven_seg" LOOP="" BUNDLEDNAME="" DSP="0" BRAM="0" URAM="0"/>
	<BindNode BINDTYPE="op" DISPLAY="bind_op and" ID="" IMPL="auto" LATENCY="0" OPTYPE="and" PRAGMA="" RTLNAME="and_ln28_19_fu_3119_p2" SOURCE="7_segment/7_seg.cpp:28" VARIABLE="and_ln28_19" MODULE="seven_seg" LOOP="" BUNDLEDNAME="" DSP="0" BRAM="0" URAM="0"/>
	<BindNode BINDTYPE="op" DISPLAY="bind_op select" ID="" IMPL="auto_sel" LATENCY="0" OPTYPE="select" PRAGMA="" RTLNAME="output_V_140_fu_3125_p3" SOURCE="7_segment/7_seg.cpp:28" VARIABLE="output_V_140" MODULE="seven_seg" LOOP="" BUNDLEDNAME="" DSP="0" BRAM="0" URAM="0"/>
	<BindNode BINDTYPE="op" DISPLAY="bind_op select" ID="" IMPL="auto_sel" LATENCY="0" OPTYPE="select" PRAGMA="" RTLNAME="output_V_173_fu_3133_p3" SOURCE="7_segment/7_seg.cpp:28" VARIABLE="output_V_173" MODULE="seven_seg" LOOP="" BUNDLEDNAME="" DSP="0" BRAM="0" URAM="0"/>
	<BindNode BINDTYPE="op" DISPLAY="bind_op xor" ID="" IMPL="auto" LATENCY="0" OPTYPE="xor" PRAGMA="" RTLNAME="p_Result_166_fu_3450_p2" SOURCE="C:/Xilinx-CN/Vitis_HLS/2022.1/common/technology/autopilot\ap_int_ref.h:825" VARIABLE="p_Result_166" MODULE="seven_seg" LOOP="" BUNDLEDNAME="" DSP="0" BRAM="0" URAM="0"/>
	<BindNode BINDTYPE="op" DISPLAY="bind_op icmp" ID="" IMPL="auto" LATENCY="0" OPTYPE="icmp" PRAGMA="" RTLNAME="icmp_ln59_4_fu_3167_p2" SOURCE="7_segment/7_seg.cpp:59" VARIABLE="icmp_ln59_4" MODULE="seven_seg" LOOP="" BUNDLEDNAME="" DSP="0" BRAM="0" URAM="0"/>
	<BindNode BINDTYPE="op" DISPLAY="bind_op or" ID="" IMPL="auto" LATENCY="0" OPTYPE="or" PRAGMA="" RTLNAME="or_ln59_5_fu_3455_p2" SOURCE="7_segment/7_seg.cpp:59" VARIABLE="or_ln59_5" MODULE="seven_seg" LOOP="" BUNDLEDNAME="" DSP="0" BRAM="0" URAM="0"/>
	<BindNode BINDTYPE="op" DISPLAY="bind_op xor" ID="" IMPL="auto" LATENCY="0" OPTYPE="xor" PRAGMA="" RTLNAME="p_Result_169_fu_3209_p2" SOURCE="C:/Xilinx-CN/Vitis_HLS/2022.1/common/technology/autopilot\ap_int_ref.h:825" VARIABLE="p_Result_169" MODULE="seven_seg" LOOP="" BUNDLEDNAME="" DSP="0" BRAM="0" URAM="0"/>
	<BindNode BINDTYPE="op" DISPLAY="bind_op xor" ID="" IMPL="auto" LATENCY="0" OPTYPE="xor" PRAGMA="" RTLNAME="p_Result_172_fu_3243_p2" SOURCE="C:/Xilinx-CN/Vitis_HLS/2022.1/common/technology/autopilot\ap_int_ref.h:825" VARIABLE="p_Result_172" MODULE="seven_seg" LOOP="" BUNDLEDNAME="" DSP="0" BRAM="0" URAM="0"/>
	<BindNode BINDTYPE="op" DISPLAY="bind_op select" ID="" IMPL="auto_sel" LATENCY="0" OPTYPE="select" PRAGMA="" RTLNAME="output_V_148_fu_3271_p3" SOURCE="C:/Xilinx-CN/Vitis_HLS/2022.1/common/technology/autopilot\ap_int_ref.h:825" VARIABLE="output_V_148" MODULE="seven_seg" LOOP="" BUNDLEDNAME="" DSP="0" BRAM="0" URAM="0"/>
	<BindNode BINDTYPE="op" DISPLAY="bind_op and" ID="" IMPL="auto" LATENCY="0" OPTYPE="and" PRAGMA="" RTLNAME="and_ln825_25_fu_3279_p2" SOURCE="C:/Xilinx-CN/Vitis_HLS/2022.1/common/technology/autopilot\ap_int_ref.h:825" VARIABLE="and_ln825_25" MODULE="seven_seg" LOOP="" BUNDLEDNAME="" DSP="0" BRAM="0" URAM="0"/>
	<BindNode BINDTYPE="op" DISPLAY="bind_op select" ID="" IMPL="auto_sel" LATENCY="0" OPTYPE="select" PRAGMA="" RTLNAME="output_V_149_fu_3285_p3" SOURCE="C:/Xilinx-CN/Vitis_HLS/2022.1/common/technology/autopilot\ap_int_ref.h:825" VARIABLE="output_V_149" MODULE="seven_seg" LOOP="" BUNDLEDNAME="" DSP="0" BRAM="0" URAM="0"/>
	<BindNode BINDTYPE="op" DISPLAY="bind_op and" ID="" IMPL="auto" LATENCY="0" OPTYPE="and" PRAGMA="" RTLNAME="and_ln825_29_fu_3293_p2" SOURCE="C:/Xilinx-CN/Vitis_HLS/2022.1/common/technology/autopilot\ap_int_ref.h:825" VARIABLE="and_ln825_29" MODULE="seven_seg" LOOP="" BUNDLEDNAME="" DSP="0" BRAM="0" URAM="0"/>
	<BindNode BINDTYPE="op" DISPLAY="bind_op and" ID="" IMPL="auto" LATENCY="0" OPTYPE="and" PRAGMA="" RTLNAME="and_ln825_26_fu_3299_p2" SOURCE="C:/Xilinx-CN/Vitis_HLS/2022.1/common/technology/autopilot\ap_int_ref.h:825" VARIABLE="and_ln825_26" MODULE="seven_seg" LOOP="" BUNDLEDNAME="" DSP="0" BRAM="0" URAM="0"/>
	<BindNode BINDTYPE="op" DISPLAY="bind_op select" ID="" IMPL="auto_sel" LATENCY="0" OPTYPE="select" PRAGMA="" RTLNAME="output_V_174_fu_3305_p3" SOURCE="C:/Xilinx-CN/Vitis_HLS/2022.1/common/technology/autopilot\ap_int_ref.h:825" VARIABLE="output_V_174" MODULE="seven_seg" LOOP="" BUNDLEDNAME="" DSP="0" BRAM="0" URAM="0"/>
	<BindNode BINDTYPE="op" DISPLAY="bind_op xor" ID="" IMPL="auto" LATENCY="0" OPTYPE="xor" PRAGMA="" RTLNAME="p_Result_175_fu_3321_p2" SOURCE="C:/Xilinx-CN/Vitis_HLS/2022.1/common/technology/autopilot\ap_int_ref.h:825" VARIABLE="p_Result_175" MODULE="seven_seg" LOOP="" BUNDLEDNAME="" DSP="0" BRAM="0" URAM="0"/>
	<BindNode BINDTYPE="op" DISPLAY="bind_op xor" ID="" IMPL="auto" LATENCY="0" OPTYPE="xor" PRAGMA="" RTLNAME="p_Result_178_fu_3355_p2" SOURCE="C:/Xilinx-CN/Vitis_HLS/2022.1/common/technology/autopilot\ap_int_ref.h:825" VARIABLE="p_Result_178" MODULE="seven_seg" LOOP="" BUNDLEDNAME="" DSP="0" BRAM="0" URAM="0"/>
	<BindNode BINDTYPE="op" DISPLAY="bind_op xor" ID="" IMPL="auto" LATENCY="0" OPTYPE="xor" PRAGMA="" RTLNAME="xor_ln59_4_fu_3383_p2" SOURCE="7_segment/7_seg.cpp:59" VARIABLE="xor_ln59_4" MODULE="seven_seg" LOOP="" BUNDLEDNAME="" DSP="0" BRAM="0" URAM="0"/>
	<BindNode BINDTYPE="op" DISPLAY="bind_op and" ID="" IMPL="auto" LATENCY="0" OPTYPE="and" PRAGMA="" RTLNAME="and_ln59_24_fu_3389_p2" SOURCE="7_segment/7_seg.cpp:59" VARIABLE="and_ln59_24" MODULE="seven_seg" LOOP="" BUNDLEDNAME="" DSP="0" BRAM="0" URAM="0"/>
	<BindNode BINDTYPE="op" DISPLAY="bind_op or" ID="" IMPL="auto" LATENCY="0" OPTYPE="or" PRAGMA="" RTLNAME="or_ln59_9_fu_3395_p2" SOURCE="7_segment/7_seg.cpp:59" VARIABLE="or_ln59_9" MODULE="seven_seg" LOOP="" BUNDLEDNAME="" DSP="0" BRAM="0" URAM="0"/>
	<BindNode BINDTYPE="op" DISPLAY="bind_op and" ID="" IMPL="auto" LATENCY="0" OPTYPE="and" PRAGMA="" RTLNAME="and_ln59_19_fu_3401_p2" SOURCE="7_segment/7_seg.cpp:59" VARIABLE="and_ln59_19" MODULE="seven_seg" LOOP="" BUNDLEDNAME="" DSP="0" BRAM="0" URAM="0"/>
	<BindNode BINDTYPE="op" DISPLAY="bind_op and" ID="" IMPL="auto" LATENCY="0" OPTYPE="and" PRAGMA="" RTLNAME="and_ln59_20_fu_3407_p2" SOURCE="7_segment/7_seg.cpp:59" VARIABLE="and_ln59_20" MODULE="seven_seg" LOOP="" BUNDLEDNAME="" DSP="0" BRAM="0" URAM="0"/>
	<BindNode BINDTYPE="op" DISPLAY="bind_op and" ID="" IMPL="auto" LATENCY="0" OPTYPE="and" PRAGMA="" RTLNAME="and_ln59_21_fu_3413_p2" SOURCE="7_segment/7_seg.cpp:59" VARIABLE="and_ln59_21" MODULE="seven_seg" LOOP="" BUNDLEDNAME="" DSP="0" BRAM="0" URAM="0"/>
	<BindNode BINDTYPE="op" DISPLAY="bind_op select" ID="" IMPL="auto_sel" LATENCY="0" OPTYPE="select" PRAGMA="" RTLNAME="select_ln59_12_fu_3431_p3" SOURCE="7_segment/7_seg.cpp:59" VARIABLE="select_ln59_12" MODULE="seven_seg" LOOP="" BUNDLEDNAME="" DSP="0" BRAM="0" URAM="0"/>
	<BindNode BINDTYPE="op" DISPLAY="bind_op select" ID="" IMPL="auto_sel" LATENCY="0" OPTYPE="select" PRAGMA="" RTLNAME="output_V_155_fu_3439_p3" SOURCE="7_segment/7_seg.cpp:59" VARIABLE="output_V_155" MODULE="seven_seg" LOOP="" BUNDLEDNAME="" DSP="0" BRAM="0" URAM="0"/>
	<BindNode BINDTYPE="op" DISPLAY="bind_op xor" ID="" IMPL="auto" LATENCY="0" OPTYPE="xor" PRAGMA="" RTLNAME="xor_ln825_32_fu_3460_p2" SOURCE="C:/Xilinx-CN/Vitis_HLS/2022.1/common/technology/autopilot\ap_int_ref.h:825" VARIABLE="xor_ln825_32" MODULE="seven_seg" LOOP="" BUNDLEDNAME="" DSP="0" BRAM="0" URAM="0"/>
	<BindNode BINDTYPE="op" DISPLAY="bind_op and" ID="" IMPL="auto" LATENCY="0" OPTYPE="and" PRAGMA="" RTLNAME="and_ln59_22_fu_3465_p2" SOURCE="7_segment/7_seg.cpp:59" VARIABLE="and_ln59_22" MODULE="seven_seg" LOOP="" BUNDLEDNAME="" DSP="0" BRAM="0" URAM="0"/>
	<BindNode BINDTYPE="op" DISPLAY="bind_op select" ID="" IMPL="auto_sel" LATENCY="0" OPTYPE="select" PRAGMA="" RTLNAME="output_V_175_fu_3471_p3" SOURCE="7_segment/7_seg.cpp:59" VARIABLE="output_V_175" MODULE="seven_seg" LOOP="" BUNDLEDNAME="" DSP="0" BRAM="0" URAM="0"/>
	<BindNode BINDTYPE="op" DISPLAY="bind_op select" ID="" IMPL="auto_sel" LATENCY="0" OPTYPE="select" PRAGMA="" RTLNAME="dec_value_one_1_fu_3540_p3" SOURCE="7_segment/7_seg.cpp:95" VARIABLE="dec_value_one_1" MODULE="seven_seg" LOOP="" BUNDLEDNAME="" DSP="0" BRAM="0" URAM="0"/>
	<BindNode BINDTYPE="op" DISPLAY="bind_op select" ID="" IMPL="auto_sel" LATENCY="0" OPTYPE="select" PRAGMA="" RTLNAME="dec_value_one_3_fu_3560_p3" SOURCE="7_segment/7_seg.cpp:95" VARIABLE="dec_value_one_3" MODULE="seven_seg" LOOP="" BUNDLEDNAME="" DSP="0" BRAM="0" URAM="0"/>
	<BindNode BINDTYPE="op" DISPLAY="bind_op select" ID="" IMPL="auto_sel" LATENCY="0" OPTYPE="select" PRAGMA="" RTLNAME="dec_value_one_4_fu_3580_p3" SOURCE="7_segment/7_seg.cpp:95" VARIABLE="dec_value_one_4" MODULE="seven_seg" LOOP="" BUNDLEDNAME="" DSP="0" BRAM="0" URAM="0"/>
	<BindNode BINDTYPE="op" DISPLAY="bind_op select" ID="" IMPL="auto_sel" LATENCY="0" OPTYPE="select" PRAGMA="" RTLNAME="dec_value_two_1_fu_3608_p3" SOURCE="7_segment/7_seg.cpp:104" VARIABLE="dec_value_two_1" MODULE="seven_seg" LOOP="" BUNDLEDNAME="" DSP="0" BRAM="0" URAM="0"/>
	<BindNode BINDTYPE="op" DISPLAY="bind_op select" ID="" IMPL="auto_sel" LATENCY="0" OPTYPE="select" PRAGMA="" RTLNAME="dec_value_two_3_fu_3628_p3" SOURCE="7_segment/7_seg.cpp:104" VARIABLE="dec_value_two_3" MODULE="seven_seg" LOOP="" BUNDLEDNAME="" DSP="0" BRAM="0" URAM="0"/>
	<BindNode BINDTYPE="op" DISPLAY="bind_op select" ID="" IMPL="auto_sel" LATENCY="0" OPTYPE="select" PRAGMA="" RTLNAME="dec_value_two_4_fu_3648_p3" SOURCE="7_segment/7_seg.cpp:104" VARIABLE="dec_value_two_4" MODULE="seven_seg" LOOP="" BUNDLEDNAME="" DSP="0" BRAM="0" URAM="0"/>
	<BindNode BINDTYPE="op" DISPLAY="bind_op select" ID="" IMPL="auto_sel" LATENCY="0" OPTYPE="select" PRAGMA="" RTLNAME="select_ln120_fu_3656_p3" SOURCE="7_segment/7_seg.cpp:120" VARIABLE="select_ln120" MODULE="seven_seg" LOOP="" BUNDLEDNAME="" DSP="0" BRAM="0" URAM="0"/>
	<BindNode BINDTYPE="op" DISPLAY="bind_op select" ID="" IMPL="auto_sel" LATENCY="0" OPTYPE="select" PRAGMA="" RTLNAME="select_ln136_fu_3668_p3" SOURCE="7_segment/7_seg.cpp:136" VARIABLE="select_ln136" MODULE="seven_seg" LOOP="" BUNDLEDNAME="" DSP="0" BRAM="0" URAM="0"/>
	<BindNode BINDTYPE="op" DISPLAY="bind_op select" ID="" IMPL="auto_sel" LATENCY="0" OPTYPE="select" PRAGMA="" RTLNAME="select_ln113_fu_3687_p3" SOURCE="7_segment/7_seg.cpp:113" VARIABLE="select_ln113" MODULE="seven_seg" LOOP="" BUNDLEDNAME="" DSP="0" BRAM="0" URAM="0"/>
	<BindNode BINDTYPE="op" DISPLAY="bind_op select" ID="" IMPL="auto_sel" LATENCY="0" OPTYPE="select" PRAGMA="" RTLNAME="select_ln168_fu_3694_p3" SOURCE="7_segment/7_seg.cpp:168" VARIABLE="select_ln168" MODULE="seven_seg" LOOP="" BUNDLEDNAME="" DSP="0" BRAM="0" URAM="0"/>
	<BindNode BINDTYPE="op" DISPLAY="bind_op select" ID="" IMPL="auto_sel" LATENCY="0" OPTYPE="select" PRAGMA="" RTLNAME="next_state_fu_3701_p3" SOURCE="7_segment/7_seg.cpp:168" VARIABLE="next_state" MODULE="seven_seg" LOOP="" BUNDLEDNAME="" DSP="0" BRAM="0" URAM="0"/>
	<BindNode BINDTYPE="op" DISPLAY="bind_op select" ID="" IMPL="auto_sel" LATENCY="0" OPTYPE="select" PRAGMA="" RTLNAME="next_state_1_fu_3708_p3" SOURCE="7_segment/7_seg.cpp:184" VARIABLE="next_state_1" MODULE="seven_seg" LOOP="" BUNDLEDNAME="" DSP="0" BRAM="0" URAM="0"/>
	<BindNode BINDTYPE="op" DISPLAY="bind_op select" ID="" IMPL="auto_sel" LATENCY="0" OPTYPE="select" PRAGMA="" RTLNAME="next_state_2_fu_3715_p3" SOURCE="7_segment/7_seg.cpp:200" VARIABLE="next_state_2" MODULE="seven_seg" LOOP="" BUNDLEDNAME="" DSP="0" BRAM="0" URAM="0"/>
	<BindNode BINDTYPE="op" DISPLAY="bind_op select" ID="" IMPL="auto_sel" LATENCY="0" OPTYPE="select" PRAGMA="" RTLNAME="next_state_3_fu_3722_p3" SOURCE="7_segment/7_seg.cpp:216" VARIABLE="next_state_3" MODULE="seven_seg" LOOP="" BUNDLEDNAME="" DSP="0" BRAM="0" URAM="0"/>
	<BindNode BINDTYPE="op" DISPLAY="bind_op xor" ID="" IMPL="auto" LATENCY="0" OPTYPE="xor" PRAGMA="" RTLNAME="next_state_4_fu_3729_p2" SOURCE="7_segment/7_seg.cpp:232" VARIABLE="next_state_4" MODULE="seven_seg" LOOP="" BUNDLEDNAME="" DSP="0" BRAM="0" URAM="0"/>
	<BindNode BINDTYPE="op" DISPLAY="bind_op select" ID="" IMPL="auto_sel" LATENCY="0" OPTYPE="select" PRAGMA="" RTLNAME="select_ln116_fu_3734_p3" SOURCE="7_segment/7_seg.cpp:116" VARIABLE="select_ln116" MODULE="seven_seg" LOOP="" BUNDLEDNAME="" DSP="0" BRAM="0" URAM="0"/>
	<BindNode BINDTYPE="op" DISPLAY="bind_op icmp" ID="" IMPL="auto" LATENCY="0" OPTYPE="icmp" PRAGMA="" RTLNAME="icmp_ln117_fu_3742_p2" SOURCE="7_segment/7_seg.cpp:117" VARIABLE="icmp_ln117" MODULE="seven_seg" LOOP="" BUNDLEDNAME="" DSP="0" BRAM="0" URAM="0"/>
	<BindNode BINDTYPE="op" DISPLAY="bind_op select" ID="" IMPL="auto_sel" LATENCY="0" OPTYPE="select" PRAGMA="" RTLNAME="select_ln117_fu_3748_p3" SOURCE="7_segment/7_seg.cpp:117" VARIABLE="select_ln117" MODULE="seven_seg" LOOP="" BUNDLEDNAME="" DSP="0" BRAM="0" URAM="0"/>
	<BindNode BINDTYPE="op" DISPLAY="bind_op icmp" ID="" IMPL="auto" LATENCY="0" OPTYPE="icmp" PRAGMA="" RTLNAME="icmp_ln117_1_fu_3756_p2" SOURCE="7_segment/7_seg.cpp:117" VARIABLE="icmp_ln117_1" MODULE="seven_seg" LOOP="" BUNDLEDNAME="" DSP="0" BRAM="0" URAM="0"/>
	<BindNode BINDTYPE="op" DISPLAY="bind_op select" ID="" IMPL="auto_sel" LATENCY="0" OPTYPE="select" PRAGMA="" RTLNAME="seg_seven_data" SOURCE="7_segment/7_seg.cpp:117" VARIABLE="seg_seven_data_local_2" MODULE="seven_seg" LOOP="" BUNDLEDNAME="" DSP="0" BRAM="0" URAM="0"/>
	<BindNode BINDTYPE="op" DISPLAY="bind_op icmp" ID="" IMPL="auto" LATENCY="0" OPTYPE="icmp" PRAGMA="" RTLNAME="icmp_ln117_2_fu_3771_p2" SOURCE="7_segment/7_seg.cpp:117" VARIABLE="icmp_ln117_2" MODULE="seven_seg" LOOP="" BUNDLEDNAME="" DSP="0" BRAM="0" URAM="0"/>
	<BindNode BINDTYPE="op" DISPLAY="bind_op icmp" ID="" IMPL="auto" LATENCY="0" OPTYPE="icmp" PRAGMA="" RTLNAME="icmp_ln117_3_fu_3777_p2" SOURCE="7_segment/7_seg.cpp:117" VARIABLE="icmp_ln117_3" MODULE="seven_seg" LOOP="" BUNDLEDNAME="" DSP="0" BRAM="0" URAM="0"/>
	<BindNode BINDTYPE="op" DISPLAY="bind_op icmp" ID="" IMPL="auto" LATENCY="0" OPTYPE="icmp" PRAGMA="" RTLNAME="icmp_ln117_4_fu_3783_p2" SOURCE="7_segment/7_seg.cpp:117" VARIABLE="icmp_ln117_4" MODULE="seven_seg" LOOP="" BUNDLEDNAME="" DSP="0" BRAM="0" URAM="0"/>
	<BindNode BINDTYPE="op" DISPLAY="bind_op icmp" ID="" IMPL="auto" LATENCY="0" OPTYPE="icmp" PRAGMA="" RTLNAME="icmp_ln117_5_fu_3789_p2" SOURCE="7_segment/7_seg.cpp:117" VARIABLE="icmp_ln117_5" MODULE="seven_seg" LOOP="" BUNDLEDNAME="" DSP="0" BRAM="0" URAM="0"/>
	<BindNode BINDTYPE="op" DISPLAY="bind_op icmp" ID="" IMPL="auto" LATENCY="0" OPTYPE="icmp" PRAGMA="" RTLNAME="icmp_ln117_6_fu_3795_p2" SOURCE="7_segment/7_seg.cpp:117" VARIABLE="icmp_ln117_6" MODULE="seven_seg" LOOP="" BUNDLEDNAME="" DSP="0" BRAM="0" URAM="0"/>
	<BindNode BINDTYPE="op" DISPLAY="bind_op select" ID="" IMPL="auto_sel" LATENCY="0" OPTYPE="select" PRAGMA="" RTLNAME="select_ln117_2_fu_3801_p3" SOURCE="7_segment/7_seg.cpp:117" VARIABLE="select_ln117_2" MODULE="seven_seg" LOOP="" BUNDLEDNAME="" DSP="0" BRAM="0" URAM="0"/>
	<BindNode BINDTYPE="op" DISPLAY="bind_op or" ID="" IMPL="auto" LATENCY="0" OPTYPE="or" PRAGMA="" RTLNAME="or_ln117_fu_3809_p2" SOURCE="7_segment/7_seg.cpp:117" VARIABLE="or_ln117" MODULE="seven_seg" LOOP="" BUNDLEDNAME="" DSP="0" BRAM="0" URAM="0"/>
	<BindNode BINDTYPE="op" DISPLAY="bind_op select" ID="" IMPL="auto_sel" LATENCY="0" OPTYPE="select" PRAGMA="" RTLNAME="select_ln117_3_fu_3815_p3" SOURCE="7_segment/7_seg.cpp:117" VARIABLE="select_ln117_3" MODULE="seven_seg" LOOP="" BUNDLEDNAME="" DSP="0" BRAM="0" URAM="0"/>
	<BindNode BINDTYPE="op" DISPLAY="bind_op or" ID="" IMPL="auto" LATENCY="0" OPTYPE="or" PRAGMA="" RTLNAME="or_ln117_1_fu_3823_p2" SOURCE="7_segment/7_seg.cpp:117" VARIABLE="or_ln117_1" MODULE="seven_seg" LOOP="" BUNDLEDNAME="" DSP="0" BRAM="0" URAM="0"/>
	<BindNode BINDTYPE="op" DISPLAY="bind_op select" ID="" IMPL="auto_sel" LATENCY="0" OPTYPE="select" PRAGMA="" RTLNAME="select_ln117_4_fu_3829_p3" SOURCE="7_segment/7_seg.cpp:117" VARIABLE="select_ln117_4" MODULE="seven_seg" LOOP="" BUNDLEDNAME="" DSP="0" BRAM="0" URAM="0"/>
	<BindNode BINDTYPE="op" DISPLAY="bind_op or" ID="" IMPL="auto" LATENCY="0" OPTYPE="or" PRAGMA="" RTLNAME="or_ln117_2_fu_3837_p2" SOURCE="7_segment/7_seg.cpp:117" VARIABLE="or_ln117_2" MODULE="seven_seg" LOOP="" BUNDLEDNAME="" DSP="0" BRAM="0" URAM="0"/>
	<BindNode BINDTYPE="op" DISPLAY="bind_op select" ID="" IMPL="auto_sel" LATENCY="0" OPTYPE="select" PRAGMA="" RTLNAME="select_ln117_5_fu_3843_p3" SOURCE="7_segment/7_seg.cpp:117" VARIABLE="select_ln117_5" MODULE="seven_seg" LOOP="" BUNDLEDNAME="" DSP="0" BRAM="0" URAM="0"/>
	<BindNode BINDTYPE="op" DISPLAY="bind_op select" ID="" IMPL="auto_sel" LATENCY="0" OPTYPE="select" PRAGMA="" RTLNAME="select_ln117_6_fu_3851_p3" SOURCE="7_segment/7_seg.cpp:117" VARIABLE="select_ln117_6" MODULE="seven_seg" LOOP="" BUNDLEDNAME="" DSP="0" BRAM="0" URAM="0"/>
	<BindNode BINDTYPE="op" DISPLAY="bind_op or" ID="" IMPL="auto" LATENCY="0" OPTYPE="or" PRAGMA="" RTLNAME="or_ln117_3_fu_3859_p2" SOURCE="7_segment/7_seg.cpp:117" VARIABLE="or_ln117_3" MODULE="seven_seg" LOOP="" BUNDLEDNAME="" DSP="0" BRAM="0" URAM="0"/>
	<BindNode BINDTYPE="op" DISPLAY="bind_op select" ID="" IMPL="auto_sel" LATENCY="0" OPTYPE="select" PRAGMA="" RTLNAME="select_ln117_7_fu_3865_p3" SOURCE="7_segment/7_seg.cpp:117" VARIABLE="select_ln117_7" MODULE="seven_seg" LOOP="" BUNDLEDNAME="" DSP="0" BRAM="0" URAM="0"/>
	<BindNode BINDTYPE="op" DISPLAY="bind_op select" ID="" IMPL="auto_sel" LATENCY="0" OPTYPE="select" PRAGMA="" RTLNAME="seg_seven_enable" SOURCE="7_segment/7_seg.cpp:117" VARIABLE="seg_seven_enable_local" MODULE="seven_seg" LOOP="" BUNDLEDNAME="" DSP="0" BRAM="0" URAM="0"/>
	<BindNode BINDTYPE="op" DISPLAY="bind_op select" ID="" IMPL="auto_sel" LATENCY="0" OPTYPE="select" PRAGMA="" RTLNAME="next_state_5_fu_3882_p3" SOURCE="7_segment/7_seg.cpp:117" VARIABLE="next_state_5" MODULE="seven_seg" LOOP="" BUNDLEDNAME="" DSP="0" BRAM="0" URAM="0"/>
	<BindNode BINDTYPE="op" DISPLAY="bind_op select" ID="" IMPL="auto_sel" LATENCY="0" OPTYPE="select" PRAGMA="" RTLNAME="next_state_6_fu_3894_p3" SOURCE="7_segment/7_seg.cpp:117" VARIABLE="next_state_6" MODULE="seven_seg" LOOP="" BUNDLEDNAME="" DSP="0" BRAM="0" URAM="0"/>
	<BindNode BINDTYPE="op" DISPLAY="bind_op select" ID="" IMPL="auto_sel" LATENCY="0" OPTYPE="select" PRAGMA="" RTLNAME="next_state_7_fu_3902_p3" SOURCE="7_segment/7_seg.cpp:117" VARIABLE="next_state_7" MODULE="seven_seg" LOOP="" BUNDLEDNAME="" DSP="0" BRAM="0" URAM="0"/>
	<BindNode BINDTYPE="op" DISPLAY="bind_op select" ID="" IMPL="auto_sel" LATENCY="0" OPTYPE="select" PRAGMA="" RTLNAME="next_state_8_fu_3910_p3" SOURCE="7_segment/7_seg.cpp:117" VARIABLE="next_state_8" MODULE="seven_seg" LOOP="" BUNDLEDNAME="" DSP="0" BRAM="0" URAM="0"/>
	<BindNode BINDTYPE="op" DISPLAY="bind_op select" ID="" IMPL="auto_sel" LATENCY="0" OPTYPE="select" PRAGMA="" RTLNAME="next_state_9_fu_3918_p3" SOURCE="7_segment/7_seg.cpp:117" VARIABLE="next_state_9" MODULE="seven_seg" LOOP="" BUNDLEDNAME="" DSP="0" BRAM="0" URAM="0"/>
	<BindNode BINDTYPE="op" DISPLAY="bind_op select" ID="" IMPL="auto_sel" LATENCY="0" OPTYPE="select" PRAGMA="" RTLNAME="next_state_10_fu_3926_p3" SOURCE="7_segment/7_seg.cpp:117" VARIABLE="next_state_10" MODULE="seven_seg" LOOP="" BUNDLEDNAME="" DSP="0" BRAM="0" URAM="0"/>
	<BindNode BINDTYPE="op" DISPLAY="bind_op select" ID="" IMPL="auto_sel" LATENCY="0" OPTYPE="select" PRAGMA="" RTLNAME="next_state_11_fu_3934_p3" SOURCE="7_segment/7_seg.cpp:117" VARIABLE="next_state_11" MODULE="seven_seg" LOOP="" BUNDLEDNAME="" DSP="0" BRAM="0" URAM="0"/>
	<BindNode BINDTYPE="storage" DISPLAY="bind_storage rom_2p" ID="" IMPL="auto" LATENCY="1" OPTYPE="rom_2p" PRAGMA="" RTLNAME="seven_segment_code_V_U" SOURCE="" VARIABLE="seven_segment_code_V" MODULE="seven_seg" LOOP="" BUNDLEDNAME="" DSP="0" BRAM="0" URAM="0"/>
</BindInfo>
