<pragmas>
<pragma file="C:/Xilinx-CN/Vitis_HLS/2022.1/common/technology/autopilot\ap_common.h" line="567" pragmaType="inline" parentfunction="ssdm_int<8, false>::ssdm_int(unsigned char)" off="0" region="0" recursive="0"/>
<pragma file="C:/Xilinx-CN/Vitis_HLS/2022.1/common/technology/autopilot\ap_int_ref.h" line="1088" pragmaType="inline" parentfunction="bool operator==<8, false>(ap_bit_ref<8, false> const&, int)" off="0" region="0" recursive="0"/>
<pragma file="C:/Xilinx-CN/Vitis_HLS/2022.1/common/technology/autopilot\ap_int.h" line="230" pragmaType="inline" parentfunction="ap_uint<4>::ap_uint()" off="0" region="0" recursive="0"/>
<pragma file="C:/Xilinx-CN/Vitis_HLS/2022.1/common/technology/autopilot\ap_int_base.h" line="1172" pragmaType="inline" parentfunction="ap_int_base<8, false>::operator[](int)" off="0" region="0" recursive="0"/>
<pragma file="C:/Xilinx-CN/Vitis_HLS/2022.1/common/technology/autopilot\ap_int.h" line="333" pragmaType="inline" parentfunction="ap_uint<4>::ap_uint(int)" off="0" region="0" recursive="0"/>
<pragma file="C:/Xilinx-CN/Vitis_HLS/2022.1/common/technology/autopilot\ap_int_base.h" line="221" pragmaType="inline" parentfunction="ap_int_base<4, false>::ap_int_base()" off="0" region="0" recursive="0"/>
<pragma file="C:/Xilinx-CN/Vitis_HLS/2022.1/common/technology/autopilot\ap_int_ref.h" line="825" pragmaType="inline" parentfunction="ap_bit_ref<8, false>::operator bool() const" off="0" region="0" recursive="0"/>
<pragma file="C:/Xilinx-CN/Vitis_HLS/2022.1/common/technology/autopilot\ap_int_base.h" line="260" pragmaType="inline" parentfunction="ap_int_base<4, false>::ap_int_base(int)" off="0" region="0" recursive="0"/>
<pragma file="C:/Xilinx-CN/Vitis_HLS/2022.1/common/technology/autopilot\ap_int_ref.h" line="820" pragmaType="inline" parentfunction="ap_bit_ref<8, false>::ap_bit_ref(ap_int_base<8, false>*, int)" off="0" region="0" recursive="0"/>
<pragma file="C:/Xilinx-CN/Vitis_HLS/2022.1/common/technology/autopilot\ap_common.h" line="567" pragmaType="inline" parentfunction="_ZN8ssdm_intILi4ELb0EEC2EDq4_j" off="0" region="0" recursive="0"/>
<pragma file="7_segment/7_seg.cpp" line="10" pragmaType="pipeline" parentfunction="seven_seg" off="0" ii="-1" style=""/>
<pragma file="7_segment/7_seg.cpp" line="11" pragmaType="interface" parentfunction="seven_seg" mode="ap_none" port="input" name="" register="0"/>
<pragma file="7_segment/7_seg.cpp" line="12" pragmaType="interface" parentfunction="seven_seg" mode="ap_none" port="refresh_signal" name="" register="0"/>
<pragma file="7_segment/7_seg.cpp" line="13" pragmaType="interface" parentfunction="seven_seg" mode="ap_none" port="seg_seven_data" name="" register="0"/>
<pragma file="7_segment/7_seg.cpp" line="14" pragmaType="interface" parentfunction="seven_seg" mode="ap_none" port="seg_seven_enable" name="" register="0"/>
<pragma file="7_segment/7_seg.cpp" line="15" pragmaType="interface" parentfunction="seven_seg" mode="ap_ctrl_none" port="return" name=""/>
<pragma file="C:/Xilinx-CN/Vitis_HLS/2022.1/common/technology/autopilot\ap_int_base.h" line="221" pragmaType="inline" parentfunction="ap_int_base<8, false>::ap_int_base()" off="0" region="0" recursive="0"/>
<pragma file="C:/Xilinx-CN/Vitis_HLS/2022.1/common/technology/autopilot\ap_int.h" line="230" pragmaType="inline" parentfunction="ap_uint<8>::ap_uint()" off="0" region="0" recursive="0"/>
<pragma file="C:/Xilinx-CN/Vitis_HLS/2022.1/common/technology/autopilot\ap_int_base.h" line="260" pragmaType="inline" parentfunction="ap_int_base<8, false>::ap_int_base(int)" off="0" region="0" recursive="0"/>
<pragma file="C:/Xilinx-CN/Vitis_HLS/2022.1/common/technology/autopilot\ap_int.h" line="333" pragmaType="inline" parentfunction="ap_uint<8>::ap_uint(int)" off="0" region="0" recursive="0"/>
<pragma file="C:/Xilinx-CN/Vitis_HLS/2022.1/common/technology/autopilot\ap_int_base.h" line="0" pragmaType="inline" parentfunction="checkOverflowBaseC" off="0" region="0" recursive="0"/>
<pragma file="C:/Xilinx-CN/Vitis_HLS/2022.1/common/technology/autopilot\ap_int_base.h" line="0" pragmaType="inline" parentfunction="checkOverflowBaseC" off="0" region="0" recursive="0"/>
<pragma file="C:/Xilinx-CN/Vitis_HLS/2022.1/common/technology/autopilot\ap_common.h" line="0" pragmaType="inline" parentfunction="ssdm_int<4, false>::ssdm_int()" off="0" region="0" recursive="0"/>
<pragma file="C:/Xilinx-CN/Vitis_HLS/2022.1/common/technology/autopilot\ap_int_ref.h" line="0" pragmaType="inline" parentfunction="ap_bit_ref<8, false>::operator=(unsigned long long)" off="0" region="0" recursive="0"/>
<pragma file="C:/Xilinx-CN/Vitis_HLS/2022.1/common/technology/autopilot\ap_common.h" line="0" pragmaType="inline" parentfunction="ssdm_int<8, false>::ssdm_int()" off="0" region="0" recursive="0"/>
<pragma file="C:/Xilinx-CN/Vitis_HLS/2022.1/common/technology/autopilot\ap_int_ref.h" line="0" pragmaType="inline" parentfunction="ap_bit_ref<8, false>::operator=(ap_bit_ref<8, false> const&)" off="0" region="0" recursive="0"/>
<pragma file="C:/Xilinx-CN/Vitis_HLS/2022.1/common/technology/autopilot\ap_int_ref.h" line="0" pragmaType="inline" parentfunction="ap_bit_ref<8, false>::operator=(int)" off="0" region="0" recursive="0"/>
</pragmas>
