<profile>

<section name = "Vitis HLS Report for 'seven_seg'" level="0">
<item name = "Date">Thu Jan 19 14:53:33 2023
</item>
<item name = "Version">2022.1 (Build 3526262 on Mon Apr 18 15:48:16 MDT 2022)</item>
<item name = "Project">7_segment</item>
<item name = "Solution">solution1 (Vivado IP Flow Target)</item>
<item name = "Product family">artix7</item>
<item name = "Target device">xc7a100t-csg324-1</item>
</section>

<section name = "Performance Estimates" level="0">
<item name = "Timing">
<section name = "" level="1">
<item name = "Summary"><table name="" hasTotal="0">
<keys size="4">Clock, Target, Estimated, Uncertainty</keys>
<column name="ap_clk">10.00 ns, 7.287 ns, 2.70 ns</column>
</table>
</item>
</section>
</item>
<item name = "Latency">
<section name = "" level="1">
<item name = "Summary"><table name="" hasTotal="0">
<keys size="8">, min, max, min, max, min, max, Type</keys>
<column name="">9, 9, 90.000 ns, 90.000 ns, 1, 1, yes</column>
</table>
</item>
<item name = "Detail">
<section name = "" level="1">
<item name = "Instance"><table name="" hasTotal="0">
<keys size="9">Instance, Module, min, max, min, max, min, max, Type</keys>
</table>
</item>
<item name = "Loop"><table name="" hasTotal="0">
<keys size="8">Loop Name, min, max, Latency, achieved, target, Count, Pipelined</keys>
</table>
</item>
</section>
</item>
</section>
</item>
</section>

<section name = "Utilization Estimates" level="0">
<item name = "Summary"><table name="" hasTotal="1">
<keys size="6">Name, BRAM_18K, DSP, FF, LUT, URAM</keys>
<column name="DSP">-, -, -, -, -</column>
<column name="Expression">-, -, 0, 1128, -</column>
<column name="FIFO">-, -, -, -, -</column>
<column name="Instance">-, -, -, -, -</column>
<column name="Memory">0, -, 16, 2, -</column>
<column name="Multiplexer">-, -, -, -, -</column>
<column name="Register">-, -, 487, 160, -</column>
<specialColumn name="Available">270, 240, 126800, 63400, 0</specialColumn>
<specialColumn name="Utilization (%)">0, 0, ~0, 2, 0</specialColumn>
</table>
</item>
<item name = "Detail">
<section name = "" level="1">
<item name = "Instance"><table name="" hasTotal="1">
<keys size="7">Instance, Module, BRAM_18K, DSP, FF, LUT, URAM</keys>
</table>
</item>
<item name = "DSP"><table name="" hasTotal="0">
<keys size="3">Instance, Module, Expression</keys>
</table>
</item>
<item name = "Memory"><table name="" hasTotal="1">
<keys size="10">Memory, Module, BRAM_18K, FF, LUT, URAM, Words, Bits, Banks, W*Bits*Banks</keys>
<column name="seven_segment_code_V_U">seven_segment_code_V_ROM_AUTO_1R, 0, 16, 2, 0, 10, 8, 1, 80</column>
</table>
</item>
<item name = "FIFO"><table name="" hasTotal="1">
<keys size="8">Name, BRAM_18K, FF, LUT, URAM, Depth, Bits, Size:D*B</keys>
</table>
</item>
<item name = "Expression"><table name="" hasTotal="1">
<keys size="7">Variable Name, Operation, DSP, FF, LUT, Bitwidth P0, Bitwidth P1</keys>
<column name="and_ln28_10_fu_1779_p2">and, 0, 0, 2, 1, 1</column>
<column name="and_ln28_11_fu_1785_p2">and, 0, 0, 2, 1, 1</column>
<column name="and_ln28_12_fu_2427_p2">and, 0, 0, 2, 1, 1</column>
<column name="and_ln28_13_fu_2449_p2">and, 0, 0, 2, 1, 1</column>
<column name="and_ln28_14_fu_2463_p2">and, 0, 0, 2, 1, 1</column>
<column name="and_ln28_15_fu_2469_p2">and, 0, 0, 2, 1, 1</column>
<column name="and_ln28_16_fu_3096_p2">and, 0, 0, 2, 1, 1</column>
<column name="and_ln28_17_fu_3102_p2">and, 0, 0, 2, 1, 1</column>
<column name="and_ln28_18_fu_3115_p2">and, 0, 0, 2, 1, 1</column>
<column name="and_ln28_19_fu_3119_p2">and, 0, 0, 2, 1, 1</column>
<column name="and_ln28_1_fu_453_p2">and, 0, 0, 2, 1, 1</column>
<column name="and_ln28_20_fu_1124_p2">and, 0, 0, 2, 1, 1</column>
<column name="and_ln28_21_fu_1753_p2">and, 0, 0, 2, 1, 1</column>
<column name="and_ln28_22_fu_2439_p2">and, 0, 0, 2, 1, 1</column>
<column name="and_ln28_23_fu_3004_p2">and, 0, 0, 2, 1, 1</column>
<column name="and_ln28_2_fu_467_p2">and, 0, 0, 2, 1, 1</column>
<column name="and_ln28_3_fu_473_p2">and, 0, 0, 2, 1, 1</column>
<column name="and_ln28_4_fu_1113_p2">and, 0, 0, 2, 1, 1</column>
<column name="and_ln28_5_fu_1134_p2">and, 0, 0, 2, 1, 1</column>
<column name="and_ln28_6_fu_1148_p2">and, 0, 0, 2, 1, 1</column>
<column name="and_ln28_7_fu_1154_p2">and, 0, 0, 2, 1, 1</column>
<column name="and_ln28_8_fu_1820_p2">and, 0, 0, 2, 1, 1</column>
<column name="and_ln28_9_fu_1765_p2">and, 0, 0, 2, 1, 1</column>
<column name="and_ln28_fu_447_p2">and, 0, 0, 2, 1, 1</column>
<column name="and_ln59_10_fu_2097_p2">and, 0, 0, 2, 1, 1</column>
<column name="and_ln59_11_fu_2109_p2">and, 0, 0, 2, 1, 1</column>
<column name="and_ln59_12_fu_2115_p2">and, 0, 0, 2, 1, 1</column>
<column name="and_ln59_13_fu_2121_p2">and, 0, 0, 2, 1, 1</column>
<column name="and_ln59_14_fu_2161_p2">and, 0, 0, 2, 1, 1</column>
<column name="and_ln59_15_fu_2758_p2">and, 0, 0, 2, 1, 1</column>
<column name="and_ln59_16_fu_2764_p2">and, 0, 0, 2, 1, 1</column>
<column name="and_ln59_17_fu_2769_p2">and, 0, 0, 2, 1, 1</column>
<column name="and_ln59_18_fu_2808_p2">and, 0, 0, 2, 1, 1</column>
<column name="and_ln59_19_fu_3401_p2">and, 0, 0, 2, 1, 1</column>
<column name="and_ln59_1_fu_792_p2">and, 0, 0, 2, 1, 1</column>
<column name="and_ln59_20_fu_3407_p2">and, 0, 0, 2, 1, 1</column>
<column name="and_ln59_21_fu_3413_p2">and, 0, 0, 2, 1, 1</column>
<column name="and_ln59_22_fu_3465_p2">and, 0, 0, 2, 1, 1</column>
<column name="and_ln59_23_fu_2748_p2">and, 0, 0, 2, 1, 1</column>
<column name="and_ln59_24_fu_3389_p2">and, 0, 0, 2, 1, 1</column>
<column name="and_ln59_2_fu_798_p2">and, 0, 0, 2, 1, 1</column>
<column name="and_ln59_3_fu_804_p2">and, 0, 0, 2, 1, 1</column>
<column name="and_ln59_4_fu_843_p2">and, 0, 0, 2, 1, 1</column>
<column name="and_ln59_5_fu_1400_p2">and, 0, 0, 2, 1, 1</column>
<column name="and_ln59_6_fu_1412_p2">and, 0, 0, 2, 1, 1</column>
<column name="and_ln59_7_fu_1469_p2">and, 0, 0, 2, 1, 1</column>
<column name="and_ln59_8_fu_1473_p2">and, 0, 0, 2, 1, 1</column>
<column name="and_ln59_9_fu_1495_p2">and, 0, 0, 2, 1, 1</column>
<column name="and_ln59_fu_782_p2">and, 0, 0, 2, 1, 1</column>
<column name="and_ln825_10_fu_1328_p2">and, 0, 0, 2, 1, 1</column>
<column name="and_ln825_11_fu_1334_p2">and, 0, 0, 2, 1, 1</column>
<column name="and_ln825_12_fu_1639_p2">and, 0, 0, 2, 1, 1</column>
<column name="and_ln825_13_fu_1658_p2">and, 0, 0, 2, 1, 1</column>
<column name="and_ln825_14_fu_1663_p2">and, 0, 0, 2, 1, 1</column>
<column name="and_ln825_15_fu_1987_p2">and, 0, 0, 2, 1, 1</column>
<column name="and_ln825_16_fu_2007_p2">and, 0, 0, 2, 1, 1</column>
<column name="and_ln825_17_fu_2322_p2">and, 0, 0, 2, 1, 1</column>
<column name="and_ln825_18_fu_2339_p2">and, 0, 0, 2, 1, 1</column>
<column name="and_ln825_19_fu_2344_p2">and, 0, 0, 2, 1, 1</column>
<column name="and_ln825_1_fu_351_p2">and, 0, 0, 2, 1, 1</column>
<column name="and_ln825_20_fu_2629_p2">and, 0, 0, 2, 1, 1</column>
<column name="and_ln825_21_fu_2649_p2">and, 0, 0, 2, 1, 1</column>
<column name="and_ln825_22_fu_2952_p2">and, 0, 0, 2, 1, 1</column>
<column name="and_ln825_23_fu_2971_p2">and, 0, 0, 2, 1, 1</column>
<column name="and_ln825_24_fu_2976_p2">and, 0, 0, 2, 1, 1</column>
<column name="and_ln825_25_fu_3279_p2">and, 0, 0, 2, 1, 1</column>
<column name="and_ln825_26_fu_3299_p2">and, 0, 0, 2, 1, 1</column>
<column name="and_ln825_27_fu_2001_p2">and, 0, 0, 2, 1, 1</column>
<column name="and_ln825_28_fu_2643_p2">and, 0, 0, 2, 1, 1</column>
<column name="and_ln825_29_fu_3293_p2">and, 0, 0, 2, 1, 1</column>
<column name="and_ln825_2_fu_357_p2">and, 0, 0, 2, 1, 1</column>
<column name="and_ln825_3_fu_675_p2">and, 0, 0, 2, 1, 1</column>
<column name="and_ln825_4_fu_688_p2">and, 0, 0, 2, 1, 1</column>
<column name="and_ln825_5_fu_693_p2">and, 0, 0, 2, 1, 1</column>
<column name="and_ln825_6_fu_969_p2">and, 0, 0, 2, 1, 1</column>
<column name="and_ln825_7_fu_988_p2">and, 0, 0, 2, 1, 1</column>
<column name="and_ln825_8_fu_993_p2">and, 0, 0, 2, 1, 1</column>
<column name="and_ln825_9_fu_1314_p2">and, 0, 0, 2, 1, 1</column>
<column name="and_ln825_fu_331_p2">and, 0, 0, 2, 1, 1</column>
<column name="icmp_ln117_1_fu_3756_p2">icmp, 0, 0, 8, 3, 1</column>
<column name="icmp_ln117_2_fu_3771_p2">icmp, 0, 0, 8, 3, 3</column>
<column name="icmp_ln117_3_fu_3777_p2">icmp, 0, 0, 8, 3, 3</column>
<column name="icmp_ln117_4_fu_3783_p2">icmp, 0, 0, 9, 3, 4</column>
<column name="icmp_ln117_5_fu_3789_p2">icmp, 0, 0, 8, 3, 2</column>
<column name="icmp_ln117_6_fu_3795_p2">icmp, 0, 0, 8, 3, 2</column>
<column name="icmp_ln117_fu_3742_p2">icmp, 0, 0, 8, 3, 1</column>
<column name="icmp_ln28_1_fu_884_p2">icmp, 0, 0, 8, 2, 1</column>
<column name="icmp_ln28_2_fu_1536_p2">icmp, 0, 0, 8, 2, 1</column>
<column name="icmp_ln28_3_fu_2245_p2">icmp, 0, 0, 8, 2, 1</column>
<column name="icmp_ln28_4_fu_2849_p2">icmp, 0, 0, 8, 2, 1</column>
<column name="icmp_ln28_fu_253_p2">icmp, 0, 0, 8, 2, 1</column>
<column name="icmp_ln59_1_fu_1202_p2">icmp, 0, 0, 8, 2, 1</column>
<column name="icmp_ln59_2_fu_1869_p2">icmp, 0, 0, 8, 2, 1</column>
<column name="icmp_ln59_3_fu_2517_p2">icmp, 0, 0, 8, 2, 1</column>
<column name="icmp_ln59_4_fu_3167_p2">icmp, 0, 0, 8, 2, 1</column>
<column name="icmp_ln59_fu_521_p2">icmp, 0, 0, 8, 2, 1</column>
<column name="p_Result_10_fu_317_p2">icmp, 0, 0, 8, 3, 1</column>
<column name="p_Result_116_fu_2203_p2">icmp, 0, 0, 8, 2, 1</column>
<column name="p_Result_119_fu_2217_p2">icmp, 0, 0, 8, 3, 1</column>
<column name="p_Result_153_fu_2871_p2">icmp, 0, 0, 8, 2, 1</column>
<column name="p_Result_156_fu_2903_p2">icmp, 0, 0, 8, 3, 1</column>
<column name="p_Result_42_fu_906_p2">icmp, 0, 0, 8, 2, 1</column>
<column name="p_Result_45_fu_938_p2">icmp, 0, 0, 8, 3, 1</column>
<column name="p_Result_79_fu_1558_p2">icmp, 0, 0, 8, 2, 1</column>
<column name="p_Result_7_fu_293_p2">icmp, 0, 0, 8, 2, 1</column>
<column name="p_Result_82_fu_1590_p2">icmp, 0, 0, 8, 3, 1</column>
<column name="or_ln117_1_fu_3823_p2">or, 0, 0, 2, 1, 1</column>
<column name="or_ln117_2_fu_3837_p2">or, 0, 0, 2, 1, 1</column>
<column name="or_ln117_3_fu_3859_p2">or, 0, 0, 2, 1, 1</column>
<column name="or_ln117_fu_3809_p2">or, 0, 0, 2, 1, 1</column>
<column name="or_ln28_1_fu_1015_p2">or, 0, 0, 2, 1, 1</column>
<column name="or_ln28_2_fu_1815_p2">or, 0, 0, 2, 1, 1</column>
<column name="or_ln28_3_fu_2251_p2">or, 0, 0, 2, 1, 1</column>
<column name="or_ln28_4_fu_3032_p2">or, 0, 0, 2, 1, 1</column>
<column name="or_ln28_5_fu_1129_p2">or, 0, 0, 2, 1, 1</column>
<column name="or_ln28_6_fu_1759_p2">or, 0, 0, 2, 1, 1</column>
<column name="or_ln28_7_fu_2444_p2">or, 0, 0, 2, 1, 1</column>
<column name="or_ln28_8_fu_3010_p2">or, 0, 0, 2, 1, 1</column>
<column name="or_ln28_fu_259_p2">or, 0, 0, 2, 1, 1</column>
<column name="or_ln59_1_fu_787_p2">or, 0, 0, 2, 1, 1</column>
<column name="or_ln59_2_fu_1442_p2">or, 0, 0, 2, 1, 1</column>
<column name="or_ln59_3_fu_1875_p2">or, 0, 0, 2, 1, 1</column>
<column name="or_ln59_4_fu_2679_p2">or, 0, 0, 2, 1, 1</column>
<column name="or_ln59_5_fu_3455_p2">or, 0, 0, 2, 1, 1</column>
<column name="or_ln59_6_fu_1406_p2">or, 0, 0, 2, 1, 1</column>
<column name="or_ln59_7_fu_2103_p2">or, 0, 0, 2, 1, 1</column>
<column name="or_ln59_8_fu_2753_p2">or, 0, 0, 2, 1, 1</column>
<column name="or_ln59_9_fu_3395_p2">or, 0, 0, 2, 1, 1</column>
<column name="or_ln59_fu_575_p2">or, 0, 0, 2, 1, 1</column>
<column name="dec_value_one_1_fu_3540_p3">select, 0, 0, 2, 1, 2</column>
<column name="dec_value_one_3_fu_3560_p3">select, 0, 0, 3, 1, 3</column>
<column name="dec_value_one_4_fu_3580_p3">select, 0, 0, 4, 1, 4</column>
<column name="dec_value_two_1_fu_3608_p3">select, 0, 0, 2, 1, 2</column>
<column name="dec_value_two_3_fu_3628_p3">select, 0, 0, 3, 1, 3</column>
<column name="dec_value_two_4_fu_3648_p3">select, 0, 0, 4, 1, 4</column>
<column name="next_state_10_fu_3926_p3">select, 0, 0, 3, 1, 3</column>
<column name="next_state_11_fu_3934_p3">select, 0, 0, 3, 1, 3</column>
<column name="next_state_1_fu_3708_p3">select, 0, 0, 4, 1, 3</column>
<column name="next_state_2_fu_3715_p3">select, 0, 0, 3, 1, 3</column>
<column name="next_state_3_fu_3722_p3">select, 0, 0, 3, 1, 2</column>
<column name="next_state_5_fu_3882_p3">select, 0, 0, 2, 1, 2</column>
<column name="next_state_6_fu_3894_p3">select, 0, 0, 3, 1, 3</column>
<column name="next_state_7_fu_3902_p3">select, 0, 0, 3, 1, 3</column>
<column name="next_state_8_fu_3910_p3">select, 0, 0, 3, 1, 3</column>
<column name="next_state_9_fu_3918_p3">select, 0, 0, 3, 1, 3</column>
<column name="next_state_fu_3701_p3">select, 0, 0, 4, 1, 4</column>
<column name="output_V_100_fu_2315_p3">select, 0, 0, 8, 1, 8</column>
<column name="output_V_101_fu_2326_p3">select, 0, 0, 8, 1, 8</column>
<column name="output_V_107_fu_2455_p3">select, 0, 0, 8, 1, 8</column>
<column name="output_V_108_fu_2475_p3">select, 0, 0, 8, 1, 8</column>
<column name="output_V_116_fu_2621_p3">select, 0, 0, 8, 1, 8</column>
<column name="output_V_117_fu_2635_p3">select, 0, 0, 8, 1, 8</column>
<column name="output_V_11_fu_459_p3">select, 0, 0, 8, 1, 8</column>
<column name="output_V_123_fu_2795_p3">select, 0, 0, 7, 1, 7</column>
<column name="output_V_12_fu_479_p3">select, 0, 0, 8, 1, 8</column>
<column name="output_V_132_fu_2945_p3">select, 0, 0, 8, 1, 8</column>
<column name="output_V_133_fu_2957_p3">select, 0, 0, 8, 1, 8</column>
<column name="output_V_139_fu_3107_p3">select, 0, 0, 8, 1, 8</column>
<column name="output_V_140_fu_3125_p3">select, 0, 0, 8, 1, 8</column>
<column name="output_V_148_fu_3271_p3">select, 0, 0, 8, 1, 8</column>
<column name="output_V_149_fu_3285_p3">select, 0, 0, 8, 1, 8</column>
<column name="output_V_155_fu_3439_p3">select, 0, 0, 7, 1, 7</column>
<column name="output_V_157_fu_487_p3">select, 0, 0, 8, 1, 8</column>
<column name="output_V_158_fu_699_p3">select, 0, 0, 8, 1, 8</column>
<column name="output_V_159_fu_849_p3">select, 0, 0, 7, 1, 7</column>
<column name="output_V_160_fu_1037_p3">select, 0, 0, 8, 1, 8</column>
<column name="output_V_161_fu_1168_p3">select, 0, 0, 8, 1, 8</column>
<column name="output_V_162_fu_1340_p3">select, 0, 0, 8, 1, 8</column>
<column name="output_V_163_fu_1501_p3">select, 0, 0, 7, 1, 7</column>
<column name="output_V_164_fu_1669_p3">select, 0, 0, 8, 1, 8</column>
<column name="output_V_165_fu_1826_p3">select, 0, 0, 8, 1, 8</column>
<column name="output_V_166_fu_2013_p3">select, 0, 0, 8, 1, 8</column>
<column name="output_V_167_fu_2167_p3">select, 0, 0, 7, 1, 7</column>
<column name="output_V_168_fu_2349_p3">select, 0, 0, 8, 1, 8</column>
<column name="output_V_169_fu_2483_p3">select, 0, 0, 8, 1, 8</column>
<column name="output_V_170_fu_2655_p3">select, 0, 0, 8, 1, 8</column>
<column name="output_V_171_fu_2814_p3">select, 0, 0, 7, 1, 7</column>
<column name="output_V_172_fu_2982_p3">select, 0, 0, 8, 1, 8</column>
<column name="output_V_173_fu_3133_p3">select, 0, 0, 8, 1, 8</column>
<column name="output_V_174_fu_3305_p3">select, 0, 0, 8, 1, 8</column>
<column name="output_V_175_fu_3471_p3">select, 0, 0, 7, 1, 7</column>
<column name="output_V_20_fu_668_p3">select, 0, 0, 8, 1, 8</column>
<column name="output_V_21_fu_680_p3">select, 0, 0, 8, 1, 8</column>
<column name="output_V_27_fu_830_p3">select, 0, 0, 7, 1, 7</column>
<column name="output_V_36_fu_962_p3">select, 0, 0, 8, 1, 8</column>
<column name="output_V_37_fu_974_p3">select, 0, 0, 8, 1, 8</column>
<column name="output_V_43_fu_1140_p3">select, 0, 0, 8, 1, 8</column>
<column name="output_V_44_fu_1160_p3">select, 0, 0, 8, 1, 8</column>
<column name="output_V_4_fu_323_p3">select, 0, 0, 8, 1, 4</column>
<column name="output_V_52_fu_1306_p3">select, 0, 0, 8, 1, 8</column>
<column name="output_V_53_fu_1320_p3">select, 0, 0, 8, 1, 8</column>
<column name="output_V_59_fu_1483_p3">select, 0, 0, 7, 1, 7</column>
<column name="output_V_5_fu_337_p3">select, 0, 0, 8, 1, 8</column>
<column name="output_V_68_fu_1632_p3">select, 0, 0, 8, 1, 8</column>
<column name="output_V_69_fu_1644_p3">select, 0, 0, 8, 1, 8</column>
<column name="output_V_75_fu_1771_p3">select, 0, 0, 8, 1, 8</column>
<column name="output_V_76_fu_1791_p3">select, 0, 0, 8, 1, 8</column>
<column name="output_V_84_fu_1979_p3">select, 0, 0, 8, 1, 8</column>
<column name="output_V_85_fu_1993_p3">select, 0, 0, 8, 1, 8</column>
<column name="output_V_91_fu_2147_p3">select, 0, 0, 7, 1, 7</column>
<column name="output_V_fu_363_p3">select, 0, 0, 8, 1, 3</column>
<column name="seg_seven_data">select, 0, 0, 8, 1, 8</column>
<column name="seg_seven_enable">select, 0, 0, 4, 1, 4</column>
<column name="select_ln113_fu_3687_p3">select, 0, 0, 2, 1, 2</column>
<column name="select_ln116_fu_3734_p3">select, 0, 0, 2, 1, 2</column>
<column name="select_ln117_2_fu_3801_p3">select, 0, 0, 3, 1, 3</column>
<column name="select_ln117_3_fu_3815_p3">select, 0, 0, 4, 1, 4</column>
<column name="select_ln117_4_fu_3829_p3">select, 0, 0, 4, 1, 4</column>
<column name="select_ln117_5_fu_3843_p3">select, 0, 0, 5, 1, 5</column>
<column name="select_ln117_6_fu_3851_p3">select, 0, 0, 4, 1, 4</column>
<column name="select_ln117_7_fu_3865_p3">select, 0, 0, 4, 1, 4</column>
<column name="select_ln117_fu_3748_p3">select, 0, 0, 8, 1, 8</column>
<column name="select_ln120_fu_3656_p3">select, 0, 0, 4, 1, 4</column>
<column name="select_ln136_fu_3668_p3">select, 0, 0, 4, 1, 4</column>
<column name="select_ln168_fu_3694_p3">select, 0, 0, 2, 1, 2</column>
<column name="select_ln59_12_fu_3431_p3">select, 0, 0, 7, 1, 7</column>
<column name="select_ln59_3_fu_1426_p3">select, 0, 0, 7, 1, 7</column>
<column name="select_ln59_6_fu_2139_p3">select, 0, 0, 7, 1, 7</column>
<column name="select_ln59_9_fu_2787_p3">select, 0, 0, 7, 1, 7</column>
<column name="select_ln59_fu_822_p3">select, 0, 0, 7, 1, 7</column>
<column name="ap_enable_pp0">xor, 0, 0, 2, 1, 2</column>
<column name="next_state_4_fu_3729_p2">xor, 0, 0, 2, 1, 2</column>
<column name="p_Result_101_fu_2029_p2">xor, 0, 0, 2, 1, 2</column>
<column name="p_Result_104_fu_2063_p2">xor, 0, 0, 2, 1, 2</column>
<column name="p_Result_112_fu_2235_p2">xor, 0, 0, 2, 1, 2</column>
<column name="p_Result_113_fu_2240_p2">xor, 0, 0, 2, 1, 2</column>
<column name="p_Result_11_fu_379_p2">xor, 0, 0, 2, 1, 2</column>
<column name="p_Result_122_fu_2365_p2">xor, 0, 0, 2, 1, 2</column>
<column name="p_Result_125_fu_2399_p2">xor, 0, 0, 2, 1, 2</column>
<column name="p_Result_129_fu_2674_p2">xor, 0, 0, 2, 1, 2</column>
<column name="p_Result_132_fu_2559_p2">xor, 0, 0, 2, 1, 2</column>
<column name="p_Result_135_fu_2593_p2">xor, 0, 0, 2, 1, 2</column>
<column name="p_Result_138_fu_2684_p2">xor, 0, 0, 2, 1, 2</column>
<column name="p_Result_141_fu_2715_p2">xor, 0, 0, 2, 1, 2</column>
<column name="p_Result_149_fu_3022_p2">xor, 0, 0, 2, 1, 2</column>
<column name="p_Result_14_fu_413_p2">xor, 0, 0, 2, 1, 2</column>
<column name="p_Result_150_fu_3027_p2">xor, 0, 0, 2, 1, 2</column>
<column name="p_Result_159_fu_3037_p2">xor, 0, 0, 2, 1, 2</column>
<column name="p_Result_162_fu_3068_p2">xor, 0, 0, 2, 1, 2</column>
<column name="p_Result_166_fu_3450_p2">xor, 0, 0, 2, 1, 2</column>
<column name="p_Result_169_fu_3209_p2">xor, 0, 0, 2, 1, 2</column>
<column name="p_Result_172_fu_3243_p2">xor, 0, 0, 2, 1, 2</column>
<column name="p_Result_175_fu_3321_p2">xor, 0, 0, 2, 1, 2</column>
<column name="p_Result_178_fu_3355_p2">xor, 0, 0, 2, 1, 2</column>
<column name="p_Result_18_fu_570_p2">xor, 0, 0, 2, 1, 2</column>
<column name="p_Result_21_fu_606_p2">xor, 0, 0, 2, 1, 2</column>
<column name="p_Result_24_fu_640_p2">xor, 0, 0, 2, 1, 2</column>
<column name="p_Result_27_fu_715_p2">xor, 0, 0, 2, 1, 2</column>
<column name="p_Result_30_fu_749_p2">xor, 0, 0, 2, 1, 2</column>
<column name="p_Result_38_fu_1005_p2">xor, 0, 0, 2, 1, 2</column>
<column name="p_Result_39_fu_1010_p2">xor, 0, 0, 2, 1, 2</column>
<column name="p_Result_48_fu_1051_p2">xor, 0, 0, 2, 1, 2</column>
<column name="p_Result_4_fu_247_p2">xor, 0, 0, 2, 1, 2</column>
<column name="p_Result_51_fu_1085_p2">xor, 0, 0, 2, 1, 2</column>
<column name="p_Result_55_fu_1437_p2">xor, 0, 0, 2, 1, 2</column>
<column name="p_Result_58_fu_1244_p2">xor, 0, 0, 2, 1, 2</column>
<column name="p_Result_61_fu_1278_p2">xor, 0, 0, 2, 1, 2</column>
<column name="p_Result_64_fu_1356_p2">xor, 0, 0, 2, 1, 2</column>
<column name="p_Result_67_fu_1454_p2">xor, 0, 0, 2, 1, 2</column>
<column name="p_Result_75_fu_1805_p2">xor, 0, 0, 2, 1, 2</column>
<column name="p_Result_76_fu_1810_p2">xor, 0, 0, 2, 1, 2</column>
<column name="p_Result_85_fu_1685_p2">xor, 0, 0, 2, 1, 2</column>
<column name="p_Result_88_fu_1719_p2">xor, 0, 0, 2, 1, 2</column>
<column name="p_Result_92_fu_1853_p2">xor, 0, 0, 2, 1, 2</column>
<column name="p_Result_95_fu_1917_p2">xor, 0, 0, 2, 1, 2</column>
<column name="p_Result_98_fu_1951_p2">xor, 0, 0, 2, 1, 2</column>
<column name="xor_ln28_5_fu_1119_p2">xor, 0, 0, 2, 1, 2</column>
<column name="xor_ln28_6_fu_1747_p2">xor, 0, 0, 2, 1, 2</column>
<column name="xor_ln28_7_fu_2433_p2">xor, 0, 0, 2, 1, 2</column>
<column name="xor_ln28_8_fu_2998_p2">xor, 0, 0, 2, 1, 2</column>
<column name="xor_ln28_fu_441_p2">xor, 0, 0, 2, 1, 2</column>
<column name="xor_ln59_1_fu_1394_p2">xor, 0, 0, 2, 1, 2</column>
<column name="xor_ln59_2_fu_2091_p2">xor, 0, 0, 2, 1, 2</column>
<column name="xor_ln59_3_fu_2743_p2">xor, 0, 0, 2, 1, 2</column>
<column name="xor_ln59_4_fu_3383_p2">xor, 0, 0, 2, 1, 2</column>
<column name="xor_ln59_fu_777_p2">xor, 0, 0, 2, 1, 2</column>
<column name="xor_ln825_14_fu_1490_p2">xor, 0, 0, 2, 1, 2</column>
<column name="xor_ln825_15_fu_1652_p2">xor, 0, 0, 2, 1, 2</column>
<column name="xor_ln825_20_fu_2155_p2">xor, 0, 0, 2, 1, 2</column>
<column name="xor_ln825_21_fu_2334_p2">xor, 0, 0, 2, 1, 2</column>
<column name="xor_ln825_26_fu_2803_p2">xor, 0, 0, 2, 1, 2</column>
<column name="xor_ln825_27_fu_2965_p2">xor, 0, 0, 2, 1, 2</column>
<column name="xor_ln825_32_fu_3460_p2">xor, 0, 0, 2, 1, 2</column>
<column name="xor_ln825_8_fu_838_p2">xor, 0, 0, 2, 1, 2</column>
<column name="xor_ln825_9_fu_982_p2">xor, 0, 0, 2, 1, 2</column>
<column name="xor_ln825_fu_345_p2">xor, 0, 0, 2, 1, 2</column>
</table>
</item>
<item name = "Multiplexer"><table name="" hasTotal="1">
<keys size="5">Name, LUT, Input Size, Bits, Total Bits</keys>
</table>
</item>
<item name = "Register"><table name="" hasTotal="1">
<keys size="5">Name, FF, LUT, Bits, Const Bits</keys>
<column name="and_ln825_8_reg_4065">1, 0, 1, 0</column>
<column name="ap_CS_fsm">1, 0, 1, 0</column>
<column name="ap_enable_reg_pp0_iter1">1, 0, 1, 0</column>
<column name="ap_enable_reg_pp0_iter2">1, 0, 1, 0</column>
<column name="ap_enable_reg_pp0_iter3">1, 0, 1, 0</column>
<column name="ap_enable_reg_pp0_iter4">1, 0, 1, 0</column>
<column name="ap_enable_reg_pp0_iter5">1, 0, 1, 0</column>
<column name="ap_enable_reg_pp0_iter6">1, 0, 1, 0</column>
<column name="ap_enable_reg_pp0_iter7">1, 0, 1, 0</column>
<column name="ap_enable_reg_pp0_iter8">1, 0, 1, 0</column>
<column name="ap_enable_reg_pp0_iter9">1, 0, 1, 0</column>
<column name="icmp_ln28_1_reg_4054">1, 0, 1, 0</column>
<column name="icmp_ln28_2_reg_4126">1, 0, 1, 0</column>
<column name="icmp_ln28_4_reg_4223">1, 0, 1, 0</column>
<column name="icmp_ln59_1_reg_4085">1, 0, 1, 0</column>
<column name="icmp_ln59_3_reg_4190">1, 0, 1, 0</column>
<column name="icmp_ln59_4_reg_4261">1, 0, 1, 0</column>
<column name="icmp_ln59_reg_3987">1, 0, 1, 0</column>
<column name="or_ln28_8_reg_4240">1, 0, 1, 0</column>
<column name="or_ln59_6_reg_4101">1, 0, 1, 0</column>
<column name="output_V_155_reg_4266">7, 0, 7, 0</column>
<column name="output_V_157_reg_3968">8, 0, 8, 0</column>
<column name="output_V_159_reg_4036">7, 0, 7, 0</column>
<column name="output_V_161_reg_4070">8, 0, 8, 0</column>
<column name="output_V_163_reg_4111">7, 0, 7, 0</column>
<column name="output_V_167_reg_4136">7, 0, 7, 0</column>
<column name="output_V_169_reg_4173">8, 0, 8, 0</column>
<column name="output_V_170_reg_4196">8, 0, 8, 0</column>
<column name="output_V_171_reg_4208">7, 0, 7, 0</column>
<column name="output_V_172_reg_4228">8, 0, 8, 0</column>
<column name="output_V_173_reg_4246">8, 0, 8, 0</column>
<column name="output_V_37_reg_4060">8, 0, 8, 0</column>
<column name="output_V_76_reg_4131">8, 0, 8, 0</column>
<column name="p_Result_107_reg_4145">1, 0, 1, 0</column>
<column name="p_Result_108_reg_4151">1, 0, 1, 0</column>
<column name="p_Result_109_reg_4157">1, 0, 1, 0</column>
<column name="p_Result_110_reg_4018">1, 0, 1, 0</column>
<column name="p_Result_116_reg_4162">1, 0, 1, 0</column>
<column name="p_Result_119_reg_4168">1, 0, 1, 0</column>
<column name="p_Result_128_reg_4178">1, 0, 1, 0</column>
<column name="p_Result_144_reg_4213">1, 0, 1, 0</column>
<column name="p_Result_145_reg_4218">1, 0, 1, 0</column>
<column name="p_Result_147_reg_4027">1, 0, 1, 0</column>
<column name="p_Result_165_reg_4251">1, 0, 1, 0</column>
<column name="p_Result_17_reg_3975">1, 0, 1, 0</column>
<column name="p_Result_226_reg_4095">8, 0, 8, 0</column>
<column name="p_Result_293_reg_3962">1, 0, 1, 0</column>
<column name="p_Result_33_reg_4042">1, 0, 1, 0</column>
<column name="p_Result_34_reg_4048">1, 0, 1, 0</column>
<column name="p_Result_36_reg_4000">1, 0, 1, 0</column>
<column name="p_Result_36_reg_4000_pp0_iter1_reg">1, 0, 1, 0</column>
<column name="p_Result_54_reg_4075">1, 0, 1, 0</column>
<column name="p_Result_70_reg_4116">1, 0, 1, 0</column>
<column name="p_Result_71_reg_4121">1, 0, 1, 0</column>
<column name="p_Result_73_reg_4009">1, 0, 1, 0</column>
<column name="refresh_signal_read_reg_3948">1, 0, 1, 0</column>
<column name="select_ln59_3_reg_4106">7, 0, 7, 0</column>
<column name="state">3, 0, 3, 0</column>
<column name="tmp_10_reg_3993">1, 0, 1, 0</column>
<column name="tmp_110_reg_4234">1, 0, 1, 0</column>
<column name="tmp_116_reg_4256">1, 0, 1, 0</column>
<column name="tmp_35_reg_4080">1, 0, 1, 0</column>
<column name="tmp_45_reg_4090">1, 0, 1, 0</column>
<column name="tmp_89_reg_4184">1, 0, 1, 0</column>
<column name="tmp_8_reg_3981">1, 0, 1, 0</column>
<column name="tmp_99_reg_4202">1, 0, 1, 0</column>
<column name="p_Result_110_reg_4018">64, 32, 1, 0</column>
<column name="p_Result_147_reg_4027">64, 32, 1, 0</column>
<column name="p_Result_293_reg_3962">64, 32, 1, 0</column>
<column name="p_Result_73_reg_4009">64, 32, 1, 0</column>
<column name="refresh_signal_read_reg_3948">64, 32, 1, 0</column>
</table>
</item>
</section>
</item>
</section>

<section name = "Interface" level="0">
<item name = "Summary"><table name="" hasTotal="0">
<keys size="6">RTL Ports, Dir, Bits, Protocol, Source Object, C Type</keys>
<column name="ap_clk">in, 1, ap_ctrl_none, seven_seg, return value</column>
<column name="ap_rst">in, 1, ap_ctrl_none, seven_seg, return value</column>
<column name="refresh_signal">in, 1, ap_none, refresh_signal, scalar</column>
<column name="input_r">in, 8, ap_none, input_r, scalar</column>
<column name="seg_seven_data">out, 8, ap_none, seg_seven_data, pointer</column>
<column name="seg_seven_enable">out, 4, ap_none, seg_seven_enable, pointer</column>
</table>
</item>
</section>
</profile>
