<xilinx:hls_fe_msgs>
    <msg msg_groups="PRAGMA_VERBOSE_DUMP" msg_id="207-5471" msg_severity="WARNING" msg_loc="C:/Xilinx-CN/Vitis_HLS/2022.1/common/technology/autopilot\ap_int_ref.h:724:9" msg_body="HLS pragma dump">
        <args ARG_PragmaFunction="and_reduce" ARG_PragmaIsValid="1" ARG_PragmaType="unroll" ClangWarningOption="dump-hls-pragmas"/>
    </msg>
    <msg msg_groups="PRAGMA_VERBOSE_DUMP" msg_id="207-5471" msg_severity="WARNING" msg_loc="C:/Xilinx-CN/Vitis_HLS/2022.1/common/technology/autopilot\ap_int_ref.h:738:9" msg_body="HLS pragma dump">
        <args ARG_PragmaFunction="or_reduce" ARG_PragmaIsValid="1" ARG_PragmaType="unroll" ClangWarningOption="dump-hls-pragmas"/>
    </msg>
    <msg msg_groups="PRAGMA_VERBOSE_DUMP" msg_id="207-5471" msg_severity="WARNING" msg_loc="C:/Xilinx-CN/Vitis_HLS/2022.1/common/technology/autopilot\ap_int_ref.h:752:9" msg_body="HLS pragma dump">
        <args ARG_PragmaFunction="xor_reduce" ARG_PragmaIsValid="1" ARG_PragmaType="unroll" ClangWarningOption="dump-hls-pragmas"/>
    </msg>
    <msg msg_groups="PRAGMA_VERBOSE_DUMP" msg_id="207-5471" msg_severity="WARNING" msg_loc="D:/clk_seg_7/solution1/csynth.tcl:17:9" msg_body="HLS pragma dump">
        <args ARG_PragmaContext="directive" ARG_PragmaFunction="clk_seg_seven" ARG_PragmaIsValid="1" ARG_PragmaOptions="name=clk_seg_seven" ARG_PragmaType="top" ClangWarningOption="dump-hls-pragmas"/>
    </msg>
    <msg msg_groups="PRAGMA_VERBOSE_DUMP" msg_id="207-5471" msg_severity="WARNING" msg_loc="D:/clk_seg_7/solution1/directives.tcl:6:9" msg_body="HLS pragma dump">
        <args ARG_PragmaContext="directive" ARG_PragmaFunction="clk_seg_seven" ARG_PragmaIsValid="1" ARG_PragmaOptions="name=clk_seg_seven" ARG_PragmaType="top" ClangWarningOption="dump-hls-pragmas"/>
    </msg>
    <msg msg_groups="PRAGMA_VERBOSE_DUMP" msg_id="207-5471" msg_severity="WARNING" msg_loc="clk_seg_7/clk_seg_seven.cpp:4:9" msg_body="HLS pragma dump">
        <args ARG_PragmaFunction="clk_seg_seven" ARG_PragmaIsValid="1" ARG_PragmaOptions="ap_none port=out_signal" ARG_PragmaType="interface" ClangWarningOption="dump-hls-pragmas"/>
    </msg>
    <msg msg_groups="PRAGMA_VERBOSE_DUMP" msg_id="207-5471" msg_severity="WARNING" msg_loc="clk_seg_7/clk_seg_seven.cpp:5:9" msg_body="HLS pragma dump">
        <args ARG_PragmaFunction="clk_seg_seven" ARG_PragmaIsValid="1" ARG_PragmaOptions="ap_ctrl_none port=return" ARG_PragmaType="interface" ClangWarningOption="dump-hls-pragmas"/>
    </msg>
</xilinx:hls_fe_msgs>

